method,replicate,# cells,missing rate,FN rate,AD FN,AD FP,DB FN,DB FP,SNL FN,SNL FP
PhISCS,1,10,0.0,0.0,0.0,0.3333333333333333,0.0,0.6666666666666666,0.0,0.0
PhISCS-given-kmax,1,10,0.0,0.0,0.6666666666666666,0.6,1.0,1.0,0.0,0.0
modified_PhISCS,1,10,0.0,0.0,0.0,0.25,0.0,0.42857142857142855,0.0,0.0
modified_PhISCS-p=10,1,10,0.0,0.0,0.0,0.25,0.0,0.42857142857142855,0.0,0.0
PhISCS,1,10,0.0,0.2,0.16666666666666666,0.5,0.0,0.6363636363636364,0.0,0.0
PhISCS-given-kmax,1,10,0.0,0.2,0.8333333333333334,0.8,0.5,0.6,0.0,0.0
modified_PhISCS,1,10,0.0,0.2,0.8333333333333334,0.8,0.5,0.6,0.0,0.0
modified_PhISCS-p=10,1,10,0.0,0.2,0.16666666666666666,0.5,0.0,0.6363636363636364,0.0,0.0
PhISCS,1,10,0.0,0.4,0.0,0.3333333333333333,0.0,0.6666666666666666,0.0,0.0
PhISCS-given-kmax,1,10,0.0,0.4,0.8333333333333334,0.75,0.75,0.8333333333333334,0.0,0.0
modified_PhISCS,1,10,0.0,0.4,1.0,0.0,1.0,0.0,0.0,0.0
modified_PhISCS-p=10,1,10,0.0,0.4,0.0,0.3333333333333333,0.0,0.6666666666666666,0.0,0.0
PhISCS,1,10,0.125,0.0,0.0,0.3333333333333333,0.0,0.6666666666666666,0.0,0.0
PhISCS-given-kmax,1,10,0.125,0.0,0.3333333333333333,0.2,1.0,1.0,0.0,0.0
modified_PhISCS,1,10,0.125,0.0,0.0,0.25,0.0,0.42857142857142855,0.0,0.0
modified_PhISCS-p=10,1,10,0.125,0.0,0.0,0.25,0.0,0.42857142857142855,0.0,0.0
PhISCS,1,10,0.125,0.2,0.5,0.6666666666666666,0.5,0.6666666666666666,0.0,0.0
PhISCS-given-kmax,1,10,0.125,0.2,1.0,1.0,0.75,0.5,0.0,0.0
modified_PhISCS,1,10,0.125,0.2,1.0,1.0,0.75,0.5,0.0,0.0
modified_PhISCS-p=10,1,10,0.125,0.2,0.5,0.6666666666666666,0.5,0.6666666666666666,0.0,0.0
PhISCS,1,10,0.125,0.4,0.16666666666666666,0.2857142857142857,0.0,0.7142857142857143,0.0,0.0
PhISCS-given-kmax,1,10,0.125,0.4,1.0,1.0,0.5,0.6666666666666666,0.0,0.0
modified_PhISCS,1,10,0.125,0.4,1.0,1.0,1.0,1.0,0.0,0.0
modified_PhISCS-p=10,1,10,0.125,0.4,0.16666666666666666,0.2857142857142857,0.0,0.7142857142857143,0.0,0.0
PhISCS,1,10,0.25,0.0,0.0,0.3333333333333333,0.0,0.6666666666666666,0.0,0.0
PhISCS-given-kmax,1,10,0.25,0.0,0.6666666666666666,0.5,0.75,0.8333333333333334,0.0,0.0
modified_PhISCS,1,10,0.25,0.0,0.0,0.3333333333333333,0.0,0.6666666666666666,0.0,0.0
modified_PhISCS-p=10,1,10,0.25,0.0,0.0,0.3333333333333333,0.0,0.6666666666666666,0.0,0.0
PhISCS,1,10,0.25,0.2,0.3333333333333333,0.5555555555555556,0.5,0.6666666666666666,0.0,0.0
PhISCS-given-kmax,1,10,0.25,0.2,0.6666666666666666,0.3333333333333333,0.75,0.6666666666666666,0.0,0.0
modified_PhISCS,1,10,0.25,0.2,1.0,1.0,1.0,1.0,0.0,0.0
modified_PhISCS-p=10,1,10,0.25,0.2,0.3333333333333333,0.5555555555555556,0.5,0.6666666666666666,0.0,0.0
PhISCS,1,10,0.25,0.4,0.6666666666666666,0.7142857142857143,0.75,0.6666666666666666,0.0,0.0
PhISCS-given-kmax,1,10,0.25,0.4,1.0,1.0,1.0,1.0,0.0,0.0
modified_PhISCS,1,10,0.25,0.4,1.0,0.0,1.0,0.0,0.0,0.0
modified_PhISCS-p=10,1,10,0.25,0.4,0.6666666666666666,0.7142857142857143,0.75,0.6666666666666666,0.0,0.0
PhISCS,1,10,0.5,0.0,0.0,0.3333333333333333,0.0,0.3333333333333333,0.0,0.0
PhISCS-given-kmax,1,10,0.5,0.0,0.8333333333333334,0.75,1.0,1.0,0.0,0.0
modified_PhISCS,1,10,0.5,0.0,0.0,0.3333333333333333,0.0,0.3333333333333333,0.0,0.0
modified_PhISCS-p=10,1,10,0.5,0.0,0.0,0.3333333333333333,0.0,0.3333333333333333,0.0,0.0
PhISCS,1,10,0.5,0.2,0.6666666666666666,0.3333333333333333,1.0,1.0,0.0,0.0
PhISCS-given-kmax,1,10,0.5,0.2,1.0,1.0,1.0,0.0,0.0,0.0
modified_PhISCS,1,10,0.5,0.2,0.6666666666666666,0.3333333333333333,1.0,1.0,0.0,0.0
modified_PhISCS-p=10,1,10,0.5,0.2,0.6666666666666666,0.3333333333333333,1.0,1.0,0.0,0.0
PhISCS,1,10,0.5,0.4,1.0,1.0,0.75,0.8,0.0,1.0
PhISCS-given-kmax,1,10,0.5,0.4,1.0,1.0,1.0,0.0,0.0,1.0
modified_PhISCS,1,10,0.5,0.4,1.0,1.0,1.0,0.0,0.0,1.0
modified_PhISCS-p=10,1,10,0.5,0.4,1.0,1.0,0.75,0.8,0.0,1.0
PhISCS,1,20,0.0,0.0,0.0,0.3333333333333333,0.0,0.6666666666666666,0.0,0.0
PhISCS-given-kmax,1,20,0.0,0.0,0.6666666666666666,0.6,1.0,1.0,0.0,0.0
modified_PhISCS,1,20,0.0,0.0,0.0,0.25,0.0,0.42857142857142855,0.0,0.0
modified_PhISCS-p=10,1,20,0.0,0.0,0.0,0.25,0.0,0.42857142857142855,0.0,0.0
PhISCS,1,20,0.0,0.2,0.0,0.5,0.0,0.5555555555555556,0.0,0.0
PhISCS-given-kmax,1,20,0.0,0.2,0.3333333333333333,0.2,1.0,1.0,0.0,0.0
modified_PhISCS,1,20,0.0,0.2,1.0,1.0,1.0,0.0,0.0,0.0
modified_PhISCS-p=10,1,20,0.0,0.2,0.0,0.25,0.0,0.42857142857142855,0.0,0.0
PhISCS,1,20,0.0,0.4,0.0,0.45454545454545453,0.0,0.6,0.0,0.0
PhISCS-given-kmax,1,20,0.0,0.4,0.8333333333333334,0.8,1.0,1.0,0.0,0.0
modified_PhISCS,1,20,0.0,0.4,1.0,1.0,1.0,0.0,0.0,0.0
modified_PhISCS-p=10,1,20,0.0,0.4,0.6666666666666666,0.7142857142857143,1.0,1.0,0.0,0.0
PhISCS,1,20,0.125,0.0,0.0,0.3333333333333333,0.0,0.6666666666666666,0.0,0.0
PhISCS-given-kmax,1,20,0.125,0.0,0.3333333333333333,0.2,1.0,1.0,0.0,0.0
modified_PhISCS,1,20,0.125,0.0,0.0,0.25,0.0,0.42857142857142855,0.0,0.0
modified_PhISCS-p=10,1,20,0.125,0.0,0.0,0.25,0.0,0.42857142857142855,0.0,0.0
PhISCS,1,20,0.125,0.2,0.0,0.3333333333333333,0.0,0.6666666666666666,0.0,0.0
PhISCS-given-kmax,1,20,0.125,0.2,0.8333333333333334,0.8,1.0,1.0,0.0,0.0
modified_PhISCS,1,20,0.125,0.2,0.8333333333333334,0.6666666666666666,0.75,0.6666666666666666,0.0,0.0
modified_PhISCS-p=10,1,20,0.125,0.2,0.0,0.3333333333333333,0.0,0.6666666666666666,0.0,0.0
PhISCS,1,20,0.125,0.4,0.5,0.625,0.5,0.7142857142857143,0.0,0.0
PhISCS-given-kmax,1,20,0.125,0.4,1.0,1.0,0.5,0.3333333333333333,0.0,0.0
modified_PhISCS,1,20,0.125,0.4,1.0,0.0,1.0,0.0,0.0,0.0
modified_PhISCS-p=10,1,20,0.125,0.4,0.5,0.625,0.5,0.7142857142857143,0.0,0.0
PhISCS,1,20,0.25,0.0,0.0,0.3333333333333333,0.0,0.6666666666666666,0.0,0.0
PhISCS-given-kmax,1,20,0.25,0.0,0.3333333333333333,0.3333333333333333,0.5,0.5,0.0,0.0
modified_PhISCS,1,20,0.25,0.0,0.0,0.25,0.0,0.42857142857142855,0.0,0.0
modified_PhISCS-p=10,1,20,0.25,0.0,0.0,0.25,0.0,0.42857142857142855,0.0,0.0
PhISCS,1,20,0.25,0.2,0.5,0.5714285714285714,0.75,0.875,0.0,0.0
PhISCS-given-kmax,1,20,0.25,0.2,1.0,1.0,1.0,1.0,0.0,0.0
modified_PhISCS,1,20,0.25,0.2,1.0,1.0,1.0,1.0,0.0,0.0
modified_PhISCS-p=10,1,20,0.25,0.2,0.5,0.5714285714285714,0.75,0.875,0.0,0.0
PhISCS,1,20,0.25,0.4,0.3333333333333333,0.42857142857142855,0.5,0.3333333333333333,0.0,0.0
PhISCS-given-kmax,1,20,0.25,0.4,1.0,1.0,1.0,1.0,0.0,0.0
modified_PhISCS,1,20,0.25,0.4,1.0,0.0,1.0,0.0,0.0,0.0
modified_PhISCS-p=10,1,20,0.25,0.4,0.3333333333333333,0.42857142857142855,0.5,0.3333333333333333,0.0,0.0
PhISCS,1,20,0.5,0.0,0.5,0.5,0.5,0.7777777777777778,0.0,0.0
PhISCS-given-kmax,1,20,0.5,0.0,1.0,1.0,0.75,0.6666666666666666,0.0,0.0
modified_PhISCS,1,20,0.5,0.0,0.5,0.5,0.5,0.7777777777777778,0.0,0.0
modified_PhISCS-p=10,1,20,0.5,0.0,0.5,0.5,0.5,0.7777777777777778,0.0,0.0
PhISCS,1,20,0.5,0.2,0.5,0.4,1.0,1.0,0.0,0.0
PhISCS-given-kmax,1,20,0.5,0.2,1.0,1.0,1.0,1.0,0.0,0.0
modified_PhISCS,1,20,0.5,0.2,1.0,1.0,1.0,1.0,0.0,0.0
modified_PhISCS-p=10,1,20,0.5,0.2,0.5,0.4,1.0,1.0,0.0,0.0
PhISCS,1,20,0.5,0.4,0.8333333333333334,0.6666666666666666,1.0,1.0,0.0,0.0
PhISCS-given-kmax,1,20,0.5,0.4,1.0,1.0,1.0,0.0,0.0,0.0
modified_PhISCS,1,20,0.5,0.4,1.0,1.0,1.0,0.0,0.0,0.0
modified_PhISCS-p=10,1,20,0.5,0.4,0.8333333333333334,0.6666666666666666,1.0,1.0,0.0,0.0
PhISCS,1,40,0.0,0.0,0.0,0.3333333333333333,0.0,0.6666666666666666,0.0,0.0
PhISCS-given-kmax,1,40,0.0,0.0,0.6666666666666666,0.6,1.0,1.0,0.0,0.0
modified_PhISCS,1,40,0.0,0.0,0.0,0.25,0.0,0.42857142857142855,0.0,0.0
modified_PhISCS-p=10,1,40,0.0,0.0,0.0,0.25,0.0,0.42857142857142855,0.0,0.0
PhISCS,1,40,0.0,0.2,0.0,0.5,0.0,0.5555555555555556,0.0,0.0
PhISCS-given-kmax,1,40,0.0,0.2,0.6666666666666666,0.6,1.0,1.0,0.0,0.0
modified_PhISCS,1,40,0.0,0.2,1.0,1.0,1.0,0.0,0.0,0.0
modified_PhISCS-p=10,1,40,0.0,0.2,0.6666666666666666,0.6,1.0,1.0,0.0,0.0
PhISCS,1,40,0.0,0.4,0.0,0.5,0.0,0.5555555555555556,0.0,0.0
PhISCS-given-kmax,1,40,0.0,0.4,0.6666666666666666,0.6,1.0,1.0,0.0,0.0
modified_PhISCS,1,40,0.0,0.4,1.0,1.0,1.0,0.0,0.0,0.0
modified_PhISCS-p=10,1,40,0.0,0.4,0.6666666666666666,0.6,1.0,1.0,0.0,0.0
PhISCS,1,40,0.125,0.0,0.0,0.3333333333333333,0.0,0.6666666666666666,0.0,0.0
PhISCS-given-kmax,1,40,0.125,0.0,0.3333333333333333,0.3333333333333333,0.5,0.5,0.0,0.0
modified_PhISCS,1,40,0.125,0.0,0.0,0.25,0.0,0.42857142857142855,0.0,0.0
modified_PhISCS-p=10,1,40,0.125,0.0,0.0,0.25,0.0,0.42857142857142855,0.0,0.0
PhISCS,1,40,0.125,0.2,0.16666666666666666,0.5,0.5,0.8181818181818182,0.0,0.0
PhISCS-given-kmax,1,40,0.125,0.2,0.6666666666666666,0.6,1.0,1.0,0.0,0.0
modified_PhISCS,1,40,0.125,0.2,1.0,1.0,1.0,0.0,0.0,0.0
modified_PhISCS-p=10,1,40,0.125,0.2,0.6666666666666666,0.6,1.0,1.0,0.0,0.0
PhISCS,1,40,0.125,0.4,0.3333333333333333,0.6,0.25,0.7272727272727273,0.0,0.0
PhISCS-given-kmax,1,40,0.125,0.4,1.0,1.0,1.0,1.0,0.0,0.0
modified_PhISCS,1,40,0.125,0.4,1.0,0.0,1.0,0.0,0.0,0.0
modified_PhISCS-p=10,1,40,0.125,0.4,0.8333333333333334,0.8333333333333334,1.0,1.0,0.0,0.0
PhISCS,1,40,0.25,0.0,0.0,0.3333333333333333,0.0,0.6666666666666666,0.0,0.0
PhISCS-given-kmax,1,40,0.25,0.0,0.3333333333333333,0.2,1.0,1.0,0.0,0.0
modified_PhISCS,1,40,0.25,0.0,0.0,0.25,0.0,0.42857142857142855,0.0,0.0
modified_PhISCS-p=10,1,40,0.25,0.0,0.0,0.25,0.0,0.42857142857142855,0.0,0.0
PhISCS,1,40,0.25,0.2,0.0,0.45454545454545453,0.0,0.6,0.0,0.0
PhISCS-given-kmax,1,40,0.25,0.2,0.6666666666666666,0.6,1.0,1.0,0.0,0.0
modified_PhISCS,1,40,0.25,0.2,0.8333333333333334,0.5,1.0,1.0,0.0,0.0
modified_PhISCS-p=10,1,40,0.25,0.2,0.0,0.45454545454545453,0.0,0.6,0.0,0.0
PhISCS,1,40,0.25,0.4,0.16666666666666666,0.375,0.0,0.6923076923076923,0.0,0.0
PhISCS-given-kmax,1,40,0.25,0.4,0.8333333333333334,0.75,0.75,0.8333333333333334,0.0,0.0
modified_PhISCS,1,40,0.25,0.4,1.0,0.0,1.0,0.0,0.0,0.0
modified_PhISCS-p=10,1,40,0.25,0.4,0.8333333333333334,0.8571428571428571,0.0,0.5,0.0,0.0
PhISCS,1,40,0.5,0.0,0.5,0.4,0.75,0.8888888888888888,0.0,1.0
PhISCS-given-kmax,1,40,0.5,0.0,1.0,1.0,0.75,0.6666666666666666,0.0,0.0
modified_PhISCS,1,40,0.5,0.0,0.5,0.4,0.75,0.8888888888888888,0.0,1.0
modified_PhISCS-p=10,1,40,0.5,0.0,0.5,0.4,0.75,0.8888888888888888,0.0,1.0
PhISCS,1,40,0.5,0.2,0.3333333333333333,0.5555555555555556,0.25,0.75,0.0,0.0
PhISCS-given-kmax,1,40,0.5,0.2,1.0,1.0,0.75,0.8333333333333334,0.0,0.0
modified_PhISCS,1,40,0.5,0.2,1.0,1.0,0.75,0.6666666666666666,0.0,0.0
modified_PhISCS-p=10,1,40,0.5,0.2,0.3333333333333333,0.5555555555555556,0.25,0.75,0.0,0.0
PhISCS,1,40,0.5,0.4,0.6666666666666666,0.6666666666666666,0.75,0.75,0.0,0.0
PhISCS-given-kmax,1,40,0.5,0.4,1.0,1.0,1.0,1.0,0.0,0.0
modified_PhISCS,1,40,0.5,0.4,1.0,0.0,1.0,0.0,0.0,0.0
modified_PhISCS-p=10,1,40,0.5,0.4,0.6666666666666666,0.6666666666666666,0.75,0.75,0.0,0.0
PhISCS,1,100,0.0,0.0,0.0,0.3333333333333333,0.0,0.6666666666666666,0.0,0.0
PhISCS-given-kmax,1,100,0.0,0.0,0.0,0.0,0.0,0.0,0.0,0.0
modified_PhISCS,1,100,0.0,0.0,0.0,0.0,0.0,0.0,0.0,0.0
modified_PhISCS-p=10,1,100,0.0,0.0,0.0,0.0,0.0,0.0,0.0,0.0
PhISCS,1,100,0.0,0.2,0.0,0.45454545454545453,0.0,0.6,0.0,0.0
PhISCS-given-kmax,1,100,0.0,0.2,0.8333333333333334,0.8,1.0,1.0,0.0,0.0
modified_PhISCS,1,100,0.0,0.2,1.0,0.0,1.0,0.0,0.0,0.0
modified_PhISCS-p=10,1,100,0.0,0.2,0.8333333333333334,0.75,1.0,1.0,0.0,0.0
PhISCS,1,100,0.0,0.4,0.0,0.45454545454545453,0.0,0.6,0.0,0.0
PhISCS-given-kmax,1,100,0.0,0.4,0.8333333333333334,0.8,1.0,1.0,0.0,0.0
modified_PhISCS,1,100,0.0,0.4,1.0,0.0,1.0,0.0,0.0,0.0
modified_PhISCS-p=10,1,100,0.0,0.4,0.8333333333333334,0.5,0.75,0.0,0.0,0.0
PhISCS,1,100,0.125,0.0,0.0,0.3333333333333333,0.0,0.6666666666666666,0.0,0.0
PhISCS-given-kmax,1,100,0.125,0.0,0.3333333333333333,0.2,1.0,1.0,0.0,0.0
modified_PhISCS,1,100,0.125,0.0,0.3333333333333333,0.2,1.0,1.0,0.0,0.0
modified_PhISCS-p=10,1,100,0.125,0.0,0.3333333333333333,0.2,1.0,1.0,0.0,0.0
PhISCS,1,100,0.125,0.2,0.0,0.45454545454545453,0.0,0.6,0.0,0.0
PhISCS-given-kmax,1,100,0.125,0.2,0.8333333333333334,0.8,1.0,1.0,0.0,0.0
modified_PhISCS,1,100,0.125,0.2,1.0,0.0,1.0,0.0,0.0,0.0
modified_PhISCS-p=10,1,100,0.125,0.2,0.8333333333333334,0.75,1.0,1.0,0.0,0.0
PhISCS,1,100,0.125,0.4,0.0,0.45454545454545453,0.0,0.6,0.0,0.0
PhISCS-given-kmax,1,100,0.125,0.4,0.8333333333333334,0.8,1.0,1.0,0.0,0.0
modified_PhISCS,1,100,0.125,0.4,1.0,0.0,1.0,0.0,0.0,0.0
modified_PhISCS-p=10,1,100,0.125,0.4,0.8333333333333334,0.75,1.0,1.0,0.0,0.0
PhISCS,1,100,0.25,0.0,0.0,0.3333333333333333,0.0,0.6666666666666666,0.0,0.0
PhISCS-given-kmax,1,100,0.25,0.0,0.3333333333333333,0.2,1.0,1.0,0.0,0.0
modified_PhISCS,1,100,0.25,0.0,0.3333333333333333,0.2,1.0,1.0,0.0,0.0
modified_PhISCS-p=10,1,100,0.25,0.0,0.3333333333333333,0.2,1.0,1.0,0.0,0.0
PhISCS,1,100,0.25,0.2,0.0,0.5,0.0,0.5555555555555556,0.0,0.0
PhISCS-given-kmax,1,100,0.25,0.2,0.6666666666666666,0.6,1.0,1.0,0.0,0.0
modified_PhISCS,1,100,0.25,0.2,1.0,0.0,1.0,0.0,0.0,0.0
modified_PhISCS-p=10,1,100,0.25,0.2,0.8333333333333334,0.75,1.0,1.0,0.0,0.0
PhISCS,1,100,0.25,0.4,0.0,0.45454545454545453,0.0,0.6,0.0,0.0
PhISCS-given-kmax,1,100,0.25,0.4,0.8333333333333334,0.8,1.0,1.0,0.0,0.0
modified_PhISCS,1,100,0.25,0.4,1.0,0.0,1.0,0.0,0.0,0.0
modified_PhISCS-p=10,1,100,0.25,0.4,0.8333333333333334,0.6666666666666666,1.0,1.0,0.0,0.0
PhISCS,1,100,0.5,0.0,0.0,0.3333333333333333,0.0,0.6666666666666666,0.0,0.0
PhISCS-given-kmax,1,100,0.5,0.0,0.3333333333333333,0.2,1.0,1.0,0.0,0.0
modified_PhISCS,1,100,0.5,0.0,0.3333333333333333,0.2,1.0,1.0,0.0,0.0
modified_PhISCS-p=10,1,100,0.5,0.0,0.3333333333333333,0.2,1.0,1.0,0.0,0.0
PhISCS,1,100,0.5,0.2,0.0,0.45454545454545453,0.0,0.6,0.0,0.0
PhISCS-given-kmax,1,100,0.5,0.2,0.6666666666666666,0.6,1.0,1.0,0.0,0.0
modified_PhISCS,1,100,0.5,0.2,1.0,0.0,1.0,0.0,0.0,0.0
modified_PhISCS-p=10,1,100,0.5,0.2,0.6666666666666666,0.6,1.0,1.0,0.0,0.0
PhISCS,1,100,0.5,0.4,0.16666666666666666,0.5,0.0,0.6363636363636364,0.0,0.0
PhISCS-given-kmax,1,100,0.5,0.4,1.0,1.0,0.5,0.6666666666666666,0.0,0.0
modified_PhISCS,1,100,0.5,0.4,1.0,0.0,1.0,0.0,0.0,0.0
modified_PhISCS-p=10,1,100,0.5,0.4,1.0,1.0,0.5,0.6666666666666666,0.0,0.0
PhISCS,2,10,0.0,0.0,0.25,0.4,0.42857142857142855,0.6,0.0,1.0
PhISCS-given-kmax,2,10,0.0,0.0,0.0,0.0,0.8571428571428571,0.8571428571428571,0.0,0.0
modified_PhISCS,2,10,0.0,0.0,0.375,0.4444444444444444,0.7142857142857143,0.6666666666666666,0.0,0.0
modified_PhISCS-p=10,2,10,0.0,0.0,0.375,0.4444444444444444,0.7142857142857143,0.6666666666666666,0.0,0.0
PhISCS,2,10,0.0,0.2,0.0,0.4666666666666667,0.7142857142857143,0.6666666666666666,0.0,0.0
PhISCS-given-kmax,2,10,0.0,0.2,0.375,0.4444444444444444,0.7142857142857143,0.6666666666666666,0.0,0.0
modified_PhISCS,2,10,0.0,0.2,0.875,0.75,1.0,1.0,0.0,0.0
modified_PhISCS-p=10,2,10,0.0,0.2,0.0,0.4666666666666667,0.7142857142857143,0.6666666666666666,0.0,0.0
PhISCS,2,10,0.0,0.4,0.625,0.7,0.7142857142857143,0.6,0.0,0.0
PhISCS-given-kmax,2,10,0.0,0.4,0.75,0.6666666666666666,0.7142857142857143,0.5,0.0,0.0
modified_PhISCS,2,10,0.0,0.4,1.0,1.0,1.0,0.0,0.0,0.0
modified_PhISCS-p=10,2,10,0.0,0.4,0.625,0.7,0.7142857142857143,0.6,0.0,0.0
PhISCS,2,10,0.125,0.0,0.0,0.2727272727272727,1.0,1.0,0.0,0.0
PhISCS-given-kmax,2,10,0.125,0.0,0.0,0.0,1.0,1.0,0.0,0.0
modified_PhISCS,2,10,0.125,0.0,0.375,0.4444444444444444,0.42857142857142855,0.3333333333333333,0.0,0.0
modified_PhISCS-p=10,2,10,0.125,0.0,0.375,0.4444444444444444,0.42857142857142855,0.3333333333333333,0.0,0.0
PhISCS,2,10,0.125,0.2,0.375,0.375,0.7142857142857143,0.7142857142857143,0.0,0.0
PhISCS-given-kmax,2,10,0.125,0.2,0.75,0.6666666666666666,0.7142857142857143,0.5,0.0,0.0
modified_PhISCS,2,10,0.125,0.2,1.0,1.0,0.8571428571428571,0.0,0.0,0.0
modified_PhISCS-p=10,2,10,0.125,0.2,0.375,0.375,0.7142857142857143,0.7142857142857143,0.0,0.0
PhISCS,2,10,0.125,0.4,0.375,0.4444444444444444,0.5714285714285714,0.75,0.0,0.0
PhISCS-given-kmax,2,10,0.125,0.4,1.0,1.0,0.42857142857142855,0.5555555555555556,0.0,0.0
modified_PhISCS,2,10,0.125,0.4,1.0,1.0,0.8571428571428571,0.8333333333333334,0.0,0.0
modified_PhISCS-p=10,2,10,0.125,0.4,0.375,0.4444444444444444,0.5714285714285714,0.75,0.0,0.0
PhISCS,2,10,0.25,0.0,0.125,0.5,0.7142857142857143,0.6666666666666666,0.0,1.0
PhISCS-given-kmax,2,10,0.25,0.0,0.375,0.5454545454545454,0.7142857142857143,0.3333333333333333,0.0,1.0
modified_PhISCS,2,10,0.25,0.0,0.125,0.5,0.7142857142857143,0.6666666666666666,0.0,1.0
modified_PhISCS-p=10,2,10,0.25,0.0,0.125,0.5,0.7142857142857143,0.6666666666666666,0.0,1.0
PhISCS,2,10,0.25,0.2,0.0,0.38461538461538464,0.42857142857142855,0.5,0.0,0.0
PhISCS-given-kmax,2,10,0.25,0.2,0.375,0.2857142857142857,0.42857142857142855,0.5,0.0,0.0
modified_PhISCS,2,10,0.25,0.2,0.875,0.8,1.0,1.0,0.0,0.0
modified_PhISCS-p=10,2,10,0.25,0.2,0.0,0.38461538461538464,0.42857142857142855,0.5,0.0,0.0
PhISCS,2,10,0.25,0.4,1.0,1.0,1.0,1.0,0.0,0.0
PhISCS-given-kmax,2,10,0.25,0.4,0.625,0.0,1.0,1.0,0.0,0.0
modified_PhISCS,2,10,0.25,0.4,1.0,1.0,1.0,1.0,0.0,0.0
modified_PhISCS-p=10,2,10,0.25,0.4,1.0,1.0,1.0,1.0,0.0,0.0
PhISCS,2,10,0.5,0.0,0.125,0.3,1.0,1.0,0.0,1.0
PhISCS-given-kmax,2,10,0.5,0.0,0.375,0.375,0.5714285714285714,0.5,0.0,1.0
modified_PhISCS,2,10,0.5,0.0,0.375,0.2857142857142857,0.2857142857142857,0.2857142857142857,0.0,1.0
modified_PhISCS-p=10,2,10,0.5,0.0,0.375,0.2857142857142857,0.2857142857142857,0.2857142857142857,0.0,1.0
PhISCS,2,10,0.5,0.2,0.625,0.5,0.8571428571428571,0.75,0.0,0.0
PhISCS-given-kmax,2,10,0.5,0.2,0.75,0.5,1.0,1.0,0.0,0.0
modified_PhISCS,2,10,0.5,0.2,0.75,0.5,1.0,1.0,0.0,0.0
modified_PhISCS-p=10,2,10,0.5,0.2,0.625,0.5,0.8571428571428571,0.75,0.0,0.0
PhISCS,2,10,0.5,0.4,1.0,1.0,0.8571428571428571,0.8888888888888888,0.0,0.0
PhISCS-given-kmax,2,10,0.5,0.4,1.0,1.0,0.8571428571428571,0.8333333333333334,0.0,0.0
modified_PhISCS,2,10,0.5,0.4,1.0,1.0,0.8571428571428571,0.8333333333333334,0.0,0.0
modified_PhISCS-p=10,2,10,0.5,0.4,1.0,1.0,0.8571428571428571,0.8888888888888888,0.0,0.0
PhISCS,2,20,0.0,0.0,0.0,0.42857142857142855,0.8571428571428571,0.8571428571428571,0.0,0.0
PhISCS-given-kmax,2,20,0.0,0.0,0.0,0.0,0.8571428571428571,0.8571428571428571,0.0,0.0
modified_PhISCS,2,20,0.0,0.0,0.375,0.4444444444444444,0.42857142857142855,0.3333333333333333,0.0,0.0
modified_PhISCS-p=10,2,20,0.0,0.0,0.375,0.4444444444444444,0.42857142857142855,0.3333333333333333,0.0,0.0
PhISCS,2,20,0.0,0.2,0.0,0.42857142857142855,0.8571428571428571,0.8571428571428571,0.0,0.0
PhISCS-given-kmax,2,20,0.0,0.2,0.0,0.0,0.8571428571428571,0.8571428571428571,0.0,0.0
modified_PhISCS,2,20,0.0,0.2,0.875,0.75,0.7142857142857143,0.0,0.0,0.0
modified_PhISCS-p=10,2,20,0.0,0.2,0.0,0.0,0.8571428571428571,0.8571428571428571,0.0,0.0
PhISCS,2,20,0.0,0.4,0.25,0.5384615384615384,0.5714285714285714,0.625,0.0,0.0
PhISCS-given-kmax,2,20,0.0,0.4,0.875,0.8571428571428571,0.5714285714285714,0.625,0.0,0.0
modified_PhISCS,2,20,0.0,0.4,1.0,0.0,1.0,0.0,0.0,0.0
modified_PhISCS-p=10,2,20,0.0,0.4,0.875,0.8,0.7142857142857143,0.6,0.0,0.0
PhISCS,2,20,0.125,0.0,0.125,0.4166666666666667,0.7142857142857143,0.7777777777777778,0.0,0.0
PhISCS-given-kmax,2,20,0.125,0.0,0.0,0.0,0.8571428571428571,0.8571428571428571,0.0,0.0
modified_PhISCS,2,20,0.125,0.0,0.0,0.0,0.8571428571428571,0.8571428571428571,0.0,0.0
modified_PhISCS-p=10,2,20,0.125,0.0,0.0,0.0,0.8571428571428571,0.8571428571428571,0.0,0.0
PhISCS,2,20,0.125,0.2,0.125,0.4166666666666667,0.7142857142857143,0.7777777777777778,0.0,0.0
PhISCS-given-kmax,2,20,0.125,0.2,0.75,0.7142857142857143,0.8571428571428571,0.875,0.0,0.0
modified_PhISCS,2,20,0.125,0.2,0.875,0.5,0.8571428571428571,0.0,0.0,0.0
modified_PhISCS-p=10,2,20,0.125,0.2,0.125,0.4166666666666667,0.7142857142857143,0.7777777777777778,0.0,0.0
PhISCS,2,20,0.125,0.4,0.125,0.4166666666666667,0.5714285714285714,0.6666666666666666,0.0,0.0
PhISCS-given-kmax,2,20,0.125,0.4,0.75,0.7142857142857143,0.5714285714285714,0.625,0.0,0.0
modified_PhISCS,2,20,0.125,0.4,1.0,0.0,1.0,0.0,0.0,0.0
modified_PhISCS-p=10,2,20,0.125,0.4,0.75,0.7142857142857143,0.5714285714285714,0.625,0.0,0.0
PhISCS,2,20,0.25,0.0,0.0,0.2727272727272727,0.8571428571428571,0.9,0.0,0.0
PhISCS-given-kmax,2,20,0.25,0.0,0.375,0.4444444444444444,0.42857142857142855,0.3333333333333333,0.0,0.0
modified_PhISCS,2,20,0.25,0.0,0.375,0.4444444444444444,0.42857142857142855,0.3333333333333333,0.0,0.0
modified_PhISCS-p=10,2,20,0.25,0.0,0.375,0.4444444444444444,0.42857142857142855,0.3333333333333333,0.0,0.0
PhISCS,2,20,0.25,0.2,0.125,0.46153846153846156,1.0,1.0,0.0,1.0
PhISCS-given-kmax,2,20,0.25,0.2,0.5,0.5,0.7142857142857143,0.6666666666666666,0.0,1.0
modified_PhISCS,2,20,0.25,0.2,0.875,0.75,0.7142857142857143,0.0,0.0,0.0
modified_PhISCS-p=10,2,20,0.25,0.2,0.125,0.46153846153846156,1.0,1.0,0.0,1.0
PhISCS,2,20,0.25,0.4,0.25,0.45454545454545453,1.0,1.0,0.0,0.0
PhISCS-given-kmax,2,20,0.25,0.4,0.625,0.5,0.8571428571428571,0.75,0.0,0.0
modified_PhISCS,2,20,0.25,0.4,1.0,1.0,1.0,0.0,0.0,0.0
modified_PhISCS-p=10,2,20,0.25,0.4,0.25,0.45454545454545453,1.0,1.0,0.0,0.0
PhISCS,2,20,0.5,0.0,0.125,0.2222222222222222,0.8571428571428571,0.9166666666666666,0.0,0.0
PhISCS-given-kmax,2,20,0.5,0.0,0.5,0.3333333333333333,0.42857142857142855,0.5555555555555556,0.0,0.0
modified_PhISCS,2,20,0.5,0.0,0.5,0.3333333333333333,0.42857142857142855,0.5555555555555556,0.0,0.0
modified_PhISCS-p=10,2,20,0.5,0.0,0.5,0.3333333333333333,0.42857142857142855,0.5555555555555556,0.0,0.0
PhISCS,2,20,0.5,0.2,0.5,0.6,0.42857142857142855,0.6363636363636364,0.0,0.0
PhISCS-given-kmax,2,20,0.5,0.2,0.25,0.0,0.42857142857142855,0.5555555555555556,0.0,0.0
modified_PhISCS,2,20,0.5,0.2,0.625,0.4,0.42857142857142855,0.2,0.0,0.0
modified_PhISCS-p=10,2,20,0.5,0.2,0.5,0.6,0.42857142857142855,0.6363636363636364,0.0,0.0
PhISCS,2,20,0.5,0.4,0.25,0.4,0.8571428571428571,0.9090909090909091,0.0,0.0
PhISCS-given-kmax,2,20,0.5,0.4,0.875,0.8333333333333334,0.8571428571428571,0.8888888888888888,0.0,0.0
modified_PhISCS,2,20,0.5,0.4,1.0,1.0,1.0,1.0,0.0,0.0
modified_PhISCS-p=10,2,20,0.5,0.4,0.25,0.4,0.8571428571428571,0.9090909090909091,0.0,0.0
PhISCS,2,40,0.0,0.0,0.0,0.42857142857142855,0.8571428571428571,0.8571428571428571,0.0,0.0
PhISCS-given-kmax,2,40,0.0,0.0,0.0,0.0,0.8571428571428571,0.8571428571428571,0.0,0.0
modified_PhISCS,2,40,0.0,0.0,0.0,0.0,0.8571428571428571,0.8571428571428571,0.0,0.0
modified_PhISCS-p=10,2,40,0.0,0.0,0.0,0.0,0.8571428571428571,0.8571428571428571,0.0,0.0
PhISCS,2,40,0.0,0.2,0.0,0.42857142857142855,0.8571428571428571,0.8571428571428571,0.0,0.0
PhISCS-given-kmax,2,40,0.0,0.2,0.0,0.0,0.8571428571428571,0.8571428571428571,0.0,0.0
modified_PhISCS,2,40,0.0,0.2,1.0,0.0,1.0,0.0,0.0,0.0
modified_PhISCS-p=10,2,40,0.0,0.2,0.625,0.4,0.2857142857142857,0.0,0.0,0.0
PhISCS,2,40,0.0,0.4,0.0,0.42857142857142855,0.8571428571428571,0.8571428571428571,0.0,0.0
PhISCS-given-kmax,2,40,0.0,0.4,0.0,0.0,0.8571428571428571,0.8571428571428571,0.0,0.0
modified_PhISCS,2,40,0.0,0.4,1.0,0.0,1.0,0.0,0.0,0.0
modified_PhISCS-p=10,2,40,0.0,0.4,0.625,0.4,0.2857142857142857,0.0,0.0,0.0
PhISCS,2,40,0.125,0.0,0.0,0.42857142857142855,0.8571428571428571,0.8571428571428571,0.0,0.0
PhISCS-given-kmax,2,40,0.125,0.0,0.375,0.4444444444444444,0.42857142857142855,0.3333333333333333,0.0,0.0
modified_PhISCS,2,40,0.125,0.0,0.375,0.4444444444444444,0.42857142857142855,0.3333333333333333,0.0,0.0
modified_PhISCS-p=10,2,40,0.125,0.0,0.375,0.4444444444444444,0.42857142857142855,0.3333333333333333,0.0,0.0
PhISCS,2,40,0.125,0.2,0.0,0.42857142857142855,0.8571428571428571,0.8571428571428571,0.0,0.0
PhISCS-given-kmax,2,40,0.125,0.2,0.0,0.0,0.8571428571428571,0.8571428571428571,0.0,0.0
modified_PhISCS,2,40,0.125,0.2,1.0,0.0,1.0,0.0,0.0,0.0
modified_PhISCS-p=10,2,40,0.125,0.2,0.625,0.4,0.2857142857142857,0.0,0.0,0.0
PhISCS,2,40,0.125,0.4,0.0,0.42857142857142855,1.0,1.0,0.0,0.0
PhISCS-given-kmax,2,40,0.125,0.4,0.0,0.0,1.0,1.0,0.0,0.0
modified_PhISCS,2,40,0.125,0.4,1.0,0.0,1.0,0.0,0.0,0.0
modified_PhISCS-p=10,2,40,0.125,0.4,0.625,0.4,0.42857142857142855,0.2,0.0,0.0
PhISCS,2,40,0.25,0.0,0.125,0.4166666666666667,0.14285714285714285,0.3333333333333333,0.0,0.0
PhISCS-given-kmax,2,40,0.25,0.0,0.375,0.4444444444444444,0.42857142857142855,0.3333333333333333,0.0,0.0
modified_PhISCS,2,40,0.25,0.0,0.0,0.0,0.8571428571428571,0.8571428571428571,0.0,0.0
modified_PhISCS-p=10,2,40,0.25,0.0,0.0,0.0,0.8571428571428571,0.8571428571428571,0.0,0.0
PhISCS,2,40,0.25,0.2,0.0,0.42857142857142855,0.8571428571428571,0.8571428571428571,0.0,0.0
PhISCS-given-kmax,2,40,0.25,0.2,0.0,0.0,0.8571428571428571,0.8571428571428571,0.0,0.0
modified_PhISCS,2,40,0.25,0.2,1.0,0.0,1.0,0.0,0.0,0.0
modified_PhISCS-p=10,2,40,0.25,0.2,0.0,0.0,0.8571428571428571,0.8571428571428571,0.0,0.0
PhISCS,2,40,0.25,0.4,0.0,0.4666666666666667,0.42857142857142855,0.3333333333333333,0.0,0.0
PhISCS-given-kmax,2,40,0.25,0.4,0.0,0.0,0.8571428571428571,0.8571428571428571,0.0,0.0
modified_PhISCS,2,40,0.25,0.4,1.0,0.0,1.0,0.0,0.0,0.0
modified_PhISCS-p=10,2,40,0.25,0.4,0.625,0.4,0.2857142857142857,0.0,0.0,0.0
PhISCS,2,40,0.5,0.0,0.125,0.4166666666666667,0.7142857142857143,0.7777777777777778,0.0,0.0
PhISCS-given-kmax,2,40,0.5,0.0,0.125,0.0,0.7142857142857143,0.75,0.0,0.0
modified_PhISCS,2,40,0.5,0.0,0.0,0.0,1.0,1.0,0.0,0.0
modified_PhISCS-p=10,2,40,0.5,0.0,0.0,0.0,1.0,1.0,0.0,0.0
PhISCS,2,40,0.5,0.2,0.25,0.4,0.14285714285714285,0.4,0.0,1.0
PhISCS-given-kmax,2,40,0.5,0.2,0.75,0.7142857142857143,0.0,0.125,0.0,0.0
modified_PhISCS,2,40,0.5,0.2,1.0,1.0,0.8571428571428571,0.0,0.0,0.0
modified_PhISCS-p=10,2,40,0.5,0.2,0.875,0.8333333333333334,0.0,0.125,0.0,1.0
PhISCS,2,40,0.5,0.4,0.375,0.16666666666666666,0.42857142857142855,0.7333333333333333,0.0,0.0
PhISCS-given-kmax,2,40,0.5,0.4,0.875,0.8,0.8571428571428571,0.9,0.0,0.0
modified_PhISCS,2,40,0.5,0.4,1.0,0.0,1.0,0.0,0.0,0.0
modified_PhISCS-p=10,2,40,0.5,0.4,1.0,1.0,0.5714285714285714,0.7,0.0,0.0
PhISCS,2,100,0.0,0.0,0.0,0.42857142857142855,0.8571428571428571,0.8571428571428571,0.0,0.0
PhISCS-given-kmax,2,100,0.0,0.0,0.0,0.0,0.8571428571428571,0.8571428571428571,0.0,0.0
modified_PhISCS,2,100,0.0,0.0,0.0,0.0,0.8571428571428571,0.8571428571428571,0.0,0.0
modified_PhISCS-p=10,2,100,0.0,0.0,0.0,0.0,0.8571428571428571,0.8571428571428571,0.0,0.0
PhISCS,2,100,0.0,0.2,0.0,0.42857142857142855,0.8571428571428571,0.8571428571428571,0.0,0.0
PhISCS-given-kmax,2,100,0.0,0.2,0.0,0.0,0.8571428571428571,0.8571428571428571,0.0,0.0
modified_PhISCS,2,100,0.0,0.2,1.0,0.0,1.0,0.0,0.0,0.0
modified_PhISCS-p=10,2,100,0.0,0.2,0.875,0.6666666666666666,0.7142857142857143,0.3333333333333333,0.0,0.0
PhISCS,2,100,0.0,0.4,0.0,0.42857142857142855,0.8571428571428571,0.8571428571428571,0.0,0.0
PhISCS-given-kmax,2,100,0.0,0.4,0.625,0.625,0.8571428571428571,0.8571428571428571,0.0,0.0
modified_PhISCS,2,100,0.0,0.4,1.0,0.0,1.0,0.0,0.0,0.0
modified_PhISCS-p=10,2,100,0.0,0.4,1.0,1.0,0.8571428571428571,0.0,0.0,0.0
PhISCS,2,100,0.125,0.0,0.125,0.4166666666666667,0.7142857142857143,0.7777777777777778,0.0,0.0
PhISCS-given-kmax,2,100,0.125,0.0,0.0,0.0,0.8571428571428571,0.8571428571428571,0.0,0.0
modified_PhISCS,2,100,0.125,0.0,0.0,0.0,0.8571428571428571,0.8571428571428571,0.0,0.0
modified_PhISCS-p=10,2,100,0.125,0.0,0.0,0.0,0.8571428571428571,0.8571428571428571,0.0,0.0
PhISCS,2,100,0.125,0.2,0.0,0.42857142857142855,1.0,1.0,0.0,0.0
PhISCS-given-kmax,2,100,0.125,0.2,0.0,0.0,1.0,1.0,0.0,0.0
modified_PhISCS,2,100,0.125,0.2,1.0,0.0,1.0,0.0,0.0,0.0
modified_PhISCS-p=10,2,100,0.125,0.2,0.875,0.6666666666666666,0.8571428571428571,0.6666666666666666,0.0,0.0
PhISCS,2,100,0.125,0.4,0.0,0.42857142857142855,0.8571428571428571,0.8571428571428571,0.0,0.0
PhISCS-given-kmax,2,100,0.125,0.4,0.0,0.0,0.8571428571428571,0.8571428571428571,0.0,0.0
modified_PhISCS,2,100,0.125,0.4,1.0,0.0,1.0,0.0,0.0,0.0
modified_PhISCS-p=10,2,100,0.125,0.4,1.0,1.0,0.8571428571428571,0.0,0.0,0.0
PhISCS,2,100,0.25,0.0,0.125,0.4166666666666667,0.7142857142857143,0.7777777777777778,0.0,0.0
PhISCS-given-kmax,2,100,0.25,0.0,0.0,0.0,0.8571428571428571,0.8571428571428571,0.0,0.0
modified_PhISCS,2,100,0.25,0.0,0.0,0.0,0.8571428571428571,0.8571428571428571,0.0,0.0
modified_PhISCS-p=10,2,100,0.25,0.0,0.0,0.0,0.8571428571428571,0.8571428571428571,0.0,0.0
PhISCS,2,100,0.25,0.2,0.0,0.42857142857142855,0.8571428571428571,0.8571428571428571,0.0,0.0
PhISCS-given-kmax,2,100,0.25,0.2,0.0,0.0,0.8571428571428571,0.8571428571428571,0.0,0.0
modified_PhISCS,2,100,0.25,0.2,1.0,0.0,1.0,0.0,0.0,0.0
modified_PhISCS-p=10,2,100,0.25,0.2,0.625,0.4,0.2857142857142857,0.0,0.0,0.0
PhISCS,2,100,0.25,0.4,0.0,0.42857142857142855,1.0,1.0,0.0,0.0
PhISCS-given-kmax,2,100,0.25,0.4,0.625,0.625,1.0,1.0,0.0,0.0
modified_PhISCS,2,100,0.25,0.4,1.0,0.0,1.0,0.0,0.0,0.0
modified_PhISCS-p=10,2,100,0.25,0.4,0.875,0.6666666666666666,1.0,1.0,0.0,0.0
PhISCS,2,100,0.5,0.0,0.125,0.4166666666666667,0.7142857142857143,0.7777777777777778,0.0,0.0
PhISCS-given-kmax,2,100,0.5,0.0,0.0,0.0,0.8571428571428571,0.8571428571428571,0.0,0.0
modified_PhISCS,2,100,0.5,0.0,0.0,0.0,0.8571428571428571,0.8571428571428571,0.0,0.0
modified_PhISCS-p=10,2,100,0.5,0.0,0.0,0.0,0.8571428571428571,0.8571428571428571,0.0,0.0
PhISCS,2,100,0.5,0.2,0.0,0.42857142857142855,0.8571428571428571,0.8571428571428571,0.0,0.0
PhISCS-given-kmax,2,100,0.5,0.2,0.0,0.0,0.8571428571428571,0.8571428571428571,0.0,0.0
modified_PhISCS,2,100,0.5,0.2,1.0,0.0,1.0,0.0,0.0,0.0
modified_PhISCS-p=10,2,100,0.5,0.2,0.625,0.4,0.2857142857142857,0.0,0.0,0.0
PhISCS,2,100,0.5,0.4,0.25,0.5384615384615384,0.0,0.125,0.0,0.0
PhISCS-given-kmax,2,100,0.5,0.4,1.0,1.0,0.0,0.125,0.0,0.0
modified_PhISCS,2,100,0.5,0.4,1.0,0.0,1.0,0.0,0.0,0.0
modified_PhISCS-p=10,2,100,0.5,0.4,0.875,0.8,0.7142857142857143,0.6,0.0,0.0
PhISCS,3,10,0.0,0.0,0.5,0.7272727272727273,0.5,0.3333333333333333,0.0,1.0
PhISCS-given-kmax,3,10,0.0,0.0,0.5,0.0,0.5,0.0,0.0,1.0
modified_PhISCS,3,10,0.0,0.0,1.0,1.0,0.5,0.0,0.0,1.0
modified_PhISCS-p=10,3,10,0.0,0.0,1.0,1.0,0.5,0.0,0.0,1.0
PhISCS,3,10,0.0,0.2,0.5,0.7272727272727273,0.5,0.5,0.0,0.0
PhISCS-given-kmax,3,10,0.0,0.2,0.8333333333333334,0.75,0.5,0.0,0.0,0.0
modified_PhISCS,3,10,0.0,0.2,0.8333333333333334,0.5,0.75,0.0,0.0,0.0
modified_PhISCS-p=10,3,10,0.0,0.2,0.5,0.7272727272727273,0.5,0.5,0.0,0.0
PhISCS,3,10,0.0,0.4,0.3333333333333333,0.5555555555555556,0.5,0.6666666666666666,0.0,0.0
PhISCS-given-kmax,3,10,0.0,0.4,0.3333333333333333,0.0,0.5,0.0,0.0,0.0
modified_PhISCS,3,10,0.0,0.4,1.0,0.0,1.0,0.0,0.0,0.0
modified_PhISCS-p=10,3,10,0.0,0.4,0.3333333333333333,0.5555555555555556,0.5,0.6666666666666666,0.0,0.0
PhISCS,3,10,0.125,0.0,0.5,0.6666666666666666,1.0,1.0,0.0,1.0
PhISCS-given-kmax,3,10,0.125,0.0,1.0,1.0,0.5,0.0,0.0,1.0
modified_PhISCS,3,10,0.125,0.0,1.0,1.0,0.5,0.0,0.0,1.0
modified_PhISCS-p=10,3,10,0.125,0.0,1.0,1.0,0.5,0.0,0.0,1.0
PhISCS,3,10,0.125,0.2,0.6666666666666666,0.75,1.0,1.0,0.0,0.0
PhISCS-given-kmax,3,10,0.125,0.2,0.8333333333333334,0.6666666666666666,1.0,0.0,0.0,0.0
modified_PhISCS,3,10,0.125,0.2,1.0,1.0,1.0,0.0,0.0,0.0
modified_PhISCS-p=10,3,10,0.125,0.2,0.6666666666666666,0.75,1.0,1.0,0.0,0.0
PhISCS,3,10,0.125,0.4,0.5,0.5714285714285714,1.0,1.0,0.0,0.0
PhISCS-given-kmax,3,10,0.125,0.4,1.0,1.0,0.75,0.6666666666666666,0.0,0.0
modified_PhISCS,3,10,0.125,0.4,0.8333333333333334,0.5,1.0,1.0,0.0,0.0
modified_PhISCS-p=10,3,10,0.125,0.4,0.5,0.5714285714285714,1.0,1.0,0.0,0.0
PhISCS,3,10,0.25,0.0,0.8333333333333334,0.875,0.5,0.6666666666666666,0.0,1.0
PhISCS-given-kmax,3,10,0.25,0.0,1.0,1.0,0.5,0.0,0.0,1.0
modified_PhISCS,3,10,0.25,0.0,0.5,0.0,0.5,0.0,0.0,1.0
modified_PhISCS-p=10,3,10,0.25,0.0,0.5,0.0,0.5,0.0,0.0,1.0
PhISCS,3,10,0.25,0.2,0.5,0.6666666666666666,1.0,1.0,0.0,1.0
PhISCS-given-kmax,3,10,0.25,0.2,0.8333333333333334,0.8333333333333334,1.0,0.0,0.0,0.0
modified_PhISCS,3,10,0.25,0.2,0.8333333333333334,0.8333333333333334,1.0,0.0,0.0,0.0
modified_PhISCS-p=10,3,10,0.25,0.2,0.5,0.6666666666666666,1.0,1.0,0.0,1.0
PhISCS,3,10,0.25,0.4,1.0,1.0,0.5,0.6,0.0,0.0
PhISCS-given-kmax,3,10,0.25,0.4,1.0,1.0,0.75,0.6666666666666666,0.0,0.0
modified_PhISCS,3,10,0.25,0.4,1.0,1.0,1.0,0.0,0.0,0.0
modified_PhISCS-p=10,3,10,0.25,0.4,1.0,1.0,0.5,0.6,0.0,0.0
PhISCS,3,10,0.5,0.0,0.5,0.6666666666666666,1.0,1.0,0.0,0.0
PhISCS-given-kmax,3,10,0.5,0.0,1.0,1.0,1.0,1.0,0.0,0.0
modified_PhISCS,3,10,0.5,0.0,0.5,0.6666666666666666,1.0,1.0,0.0,0.0
modified_PhISCS-p=10,3,10,0.5,0.0,0.5,0.6666666666666666,1.0,1.0,0.0,0.0
PhISCS,3,10,0.5,0.2,0.6666666666666666,0.6,1.0,1.0,0.0,0.0
PhISCS-given-kmax,3,10,0.5,0.2,1.0,1.0,0.75,0.0,0.0,0.0
modified_PhISCS,3,10,0.5,0.2,0.6666666666666666,0.6,1.0,1.0,0.0,0.0
modified_PhISCS-p=10,3,10,0.5,0.2,0.6666666666666666,0.6,1.0,1.0,0.0,0.0
PhISCS,3,10,0.5,0.4,0.8333333333333334,0.8333333333333334,1.0,1.0,0.0,0.0
PhISCS-given-kmax,3,10,0.5,0.4,1.0,1.0,1.0,1.0,0.0,0.0
modified_PhISCS,3,10,0.5,0.4,1.0,1.0,1.0,1.0,0.0,0.0
modified_PhISCS-p=10,3,10,0.5,0.4,0.8333333333333334,0.8333333333333334,1.0,1.0,0.0,0.0
PhISCS,3,20,0.0,0.0,0.5,0.75,1.0,1.0,0.0,1.0
PhISCS-given-kmax,3,20,0.0,0.0,1.0,1.0,1.0,1.0,0.0,1.0
modified_PhISCS,3,20,0.0,0.0,0.5,0.0,1.0,1.0,0.0,1.0
modified_PhISCS-p=10,3,20,0.0,0.0,0.5,0.0,1.0,1.0,0.0,1.0
PhISCS,3,20,0.0,0.2,0.3333333333333333,0.6923076923076923,0.5,0.0,0.0,0.0
PhISCS-given-kmax,3,20,0.0,0.2,0.8333333333333334,0.75,0.5,0.0,0.0,0.0
modified_PhISCS,3,20,0.0,0.2,1.0,0.0,1.0,0.0,0.0,0.0
modified_PhISCS-p=10,3,20,0.0,0.2,0.8333333333333334,0.75,0.5,0.0,0.0,0.0
PhISCS,3,20,0.0,0.4,0.5,0.7692307692307693,0.5,0.0,0.0,0.0
PhISCS-given-kmax,3,20,0.0,0.4,1.0,1.0,0.5,0.0,0.0,0.0
modified_PhISCS,3,20,0.0,0.4,1.0,0.0,1.0,0.0,0.0,0.0
modified_PhISCS-p=10,3,20,0.0,0.4,1.0,1.0,0.5,0.0,0.0,0.0
PhISCS,3,20,0.125,0.0,0.5,0.7,1.0,1.0,0.0,1.0
PhISCS-given-kmax,3,20,0.125,0.0,0.5,0.0,1.0,1.0,0.0,1.0
modified_PhISCS,3,20,0.125,0.0,1.0,1.0,1.0,1.0,0.0,0.0
modified_PhISCS-p=10,3,20,0.125,0.0,1.0,1.0,1.0,1.0,0.0,0.0
PhISCS,3,20,0.125,0.2,0.5,0.75,0.5,0.3333333333333333,0.0,0.0
PhISCS-given-kmax,3,20,0.125,0.2,0.5,0.25,0.5,0.0,0.0,0.0
modified_PhISCS,3,20,0.125,0.2,1.0,1.0,1.0,0.0,0.0,0.0
modified_PhISCS-p=10,3,20,0.125,0.2,0.5,0.5714285714285714,0.5,0.3333333333333333,0.0,0.0
PhISCS,3,20,0.125,0.4,0.6666666666666666,0.8181818181818182,1.0,1.0,0.0,0.0
PhISCS-given-kmax,3,20,0.125,0.4,0.3333333333333333,0.0,1.0,1.0,0.0,0.0
modified_PhISCS,3,20,0.125,0.4,1.0,0.0,1.0,0.0,0.0,0.0
modified_PhISCS-p=10,3,20,0.125,0.4,0.6666666666666666,0.8181818181818182,1.0,1.0,0.0,0.0
PhISCS,3,20,0.25,0.0,0.3333333333333333,0.6363636363636364,1.0,1.0,0.0,0.0
PhISCS-given-kmax,3,20,0.25,0.0,0.3333333333333333,0.0,0.5,0.0,0.0,0.0
modified_PhISCS,3,20,0.25,0.0,0.3333333333333333,0.0,0.5,0.0,0.0,0.0
modified_PhISCS-p=10,3,20,0.25,0.0,0.3333333333333333,0.0,0.5,0.0,0.0,0.0
PhISCS,3,20,0.25,0.2,0.3333333333333333,0.6923076923076923,0.5,0.0,0.0,0.0
PhISCS-given-kmax,3,20,0.25,0.2,0.8333333333333334,0.75,0.5,0.0,0.0,0.0
modified_PhISCS,3,20,0.25,0.2,0.8333333333333334,0.5,1.0,1.0,0.0,0.0
modified_PhISCS-p=10,3,20,0.25,0.2,0.3333333333333333,0.6923076923076923,0.5,0.0,0.0,0.0
PhISCS,3,20,0.25,0.4,0.5,0.6666666666666666,0.5,0.6666666666666666,0.0,0.0
PhISCS-given-kmax,3,20,0.25,0.4,1.0,1.0,0.5,0.0,0.0,0.0
modified_PhISCS,3,20,0.25,0.4,1.0,0.0,1.0,0.0,0.0,0.0
modified_PhISCS-p=10,3,20,0.25,0.4,1.0,1.0,0.5,0.6,0.0,0.0
PhISCS,3,20,0.5,0.0,0.3333333333333333,0.6363636363636364,0.5,0.5,0.0,0.0
PhISCS-given-kmax,3,20,0.5,0.0,0.8333333333333334,0.75,0.5,0.0,0.0,0.0
modified_PhISCS,3,20,0.5,0.0,0.8333333333333334,0.75,0.5,0.0,0.0,0.0
modified_PhISCS-p=10,3,20,0.5,0.0,0.8333333333333334,0.75,0.5,0.0,0.0,0.0
PhISCS,3,20,0.5,0.2,0.6666666666666666,0.6666666666666666,0.75,0.75,0.0,0.0
PhISCS-given-kmax,3,20,0.5,0.2,1.0,1.0,1.0,1.0,0.0,0.0
modified_PhISCS,3,20,0.5,0.2,1.0,1.0,0.75,0.0,0.0,0.0
modified_PhISCS-p=10,3,20,0.5,0.2,0.6666666666666666,0.6666666666666666,0.75,0.75,0.0,0.0
PhISCS,3,20,0.5,0.4,1.0,1.0,0.5,0.7777777777777778,0.0,0.0
PhISCS-given-kmax,3,20,0.5,0.4,0.6666666666666666,0.3333333333333333,0.75,0.6666666666666666,0.0,0.0
modified_PhISCS,3,20,0.5,0.4,1.0,1.0,0.75,0.0,0.0,0.0
modified_PhISCS-p=10,3,20,0.5,0.4,1.0,1.0,0.5,0.7777777777777778,0.0,0.0
PhISCS,3,40,0.0,0.0,0.3333333333333333,0.6923076923076923,1.0,1.0,0.0,0.0
PhISCS-given-kmax,3,40,0.0,0.0,0.3333333333333333,0.0,1.0,1.0,0.0,0.0
modified_PhISCS,3,40,0.0,0.0,0.3333333333333333,0.0,1.0,1.0,0.0,0.0
modified_PhISCS-p=10,3,40,0.0,0.0,0.3333333333333333,0.0,1.0,1.0,0.0,0.0
PhISCS,3,40,0.0,0.2,0.3333333333333333,0.6923076923076923,1.0,1.0,0.0,0.0
PhISCS-given-kmax,3,40,0.0,0.2,0.3333333333333333,0.0,1.0,1.0,0.0,0.0
modified_PhISCS,3,40,0.0,0.2,1.0,0.0,1.0,0.0,0.0,0.0
modified_PhISCS-p=10,3,40,0.0,0.2,0.8333333333333334,0.6666666666666666,1.0,0.0,0.0,0.0
PhISCS,3,40,0.0,0.4,0.5,0.7692307692307693,1.0,1.0,0.0,0.0
PhISCS-given-kmax,3,40,0.0,0.4,0.5,0.25,1.0,1.0,0.0,0.0
modified_PhISCS,3,40,0.0,0.4,1.0,0.0,1.0,0.0,0.0,0.0
modified_PhISCS-p=10,3,40,0.0,0.4,1.0,1.0,1.0,0.0,0.0,0.0
PhISCS,3,40,0.125,0.0,0.5,0.75,1.0,1.0,0.0,1.0
PhISCS-given-kmax,3,40,0.125,0.0,0.5,0.0,1.0,1.0,0.0,1.0
modified_PhISCS,3,40,0.125,0.0,0.5,0.0,1.0,1.0,0.0,1.0
modified_PhISCS-p=10,3,40,0.125,0.0,0.5,0.0,1.0,1.0,0.0,1.0
PhISCS,3,40,0.125,0.2,0.5,0.7692307692307693,0.5,0.0,0.0,0.0
PhISCS-given-kmax,3,40,0.125,0.2,0.5,0.25,0.5,0.0,0.0,0.0
modified_PhISCS,3,40,0.125,0.2,1.0,0.0,1.0,0.0,0.0,0.0
modified_PhISCS-p=10,3,40,0.125,0.2,0.5,0.25,0.5,0.0,0.0,0.0
PhISCS,3,40,0.125,0.4,0.3333333333333333,0.6923076923076923,0.5,0.0,0.0,0.0
PhISCS-given-kmax,3,40,0.125,0.4,0.8333333333333334,0.75,0.5,0.0,0.0,0.0
modified_PhISCS,3,40,0.125,0.4,1.0,0.0,1.0,0.0,0.0,0.0
modified_PhISCS-p=10,3,40,0.125,0.4,0.8333333333333334,0.5,0.75,0.0,0.0,0.0
PhISCS,3,40,0.25,0.0,0.3333333333333333,0.6923076923076923,0.5,0.0,0.0,0.0
PhISCS-given-kmax,3,40,0.25,0.0,0.3333333333333333,0.0,0.5,0.0,0.0,0.0
modified_PhISCS,3,40,0.25,0.0,0.3333333333333333,0.0,0.5,0.0,0.0,0.0
modified_PhISCS-p=10,3,40,0.25,0.0,0.3333333333333333,0.0,0.5,0.0,0.0,0.0
PhISCS,3,40,0.25,0.2,0.3333333333333333,0.6923076923076923,0.5,0.0,0.0,0.0
PhISCS-given-kmax,3,40,0.25,0.2,0.8333333333333334,0.75,0.5,0.0,0.0,0.0
modified_PhISCS,3,40,0.25,0.2,1.0,0.0,1.0,0.0,0.0,0.0
modified_PhISCS-p=10,3,40,0.25,0.2,0.8333333333333334,0.75,0.5,0.0,0.0,0.0
PhISCS,3,40,0.25,0.4,0.3333333333333333,0.6363636363636364,1.0,1.0,0.0,0.0
PhISCS-given-kmax,3,40,0.25,0.4,0.3333333333333333,0.0,0.5,0.0,0.0,0.0
modified_PhISCS,3,40,0.25,0.4,1.0,0.0,1.0,0.0,0.0,0.0
modified_PhISCS-p=10,3,40,0.25,0.4,0.3333333333333333,0.0,0.5,0.0,0.0,0.0
PhISCS,3,40,0.5,0.0,0.5,0.75,1.0,1.0,0.0,1.0
PhISCS-given-kmax,3,40,0.5,0.0,1.0,1.0,1.0,1.0,0.0,1.0
modified_PhISCS,3,40,0.5,0.0,1.0,1.0,1.0,1.0,0.0,1.0
modified_PhISCS-p=10,3,40,0.5,0.0,1.0,1.0,1.0,1.0,0.0,1.0
PhISCS,3,40,0.5,0.2,0.5,0.75,1.0,1.0,0.0,0.0
PhISCS-given-kmax,3,40,0.5,0.2,0.6666666666666666,0.6,1.0,1.0,0.0,0.0
modified_PhISCS,3,40,0.5,0.2,1.0,0.0,1.0,0.0,0.0,0.0
modified_PhISCS-p=10,3,40,0.5,0.2,0.5,0.5714285714285714,1.0,1.0,0.0,0.0
PhISCS,3,40,0.5,0.4,0.6666666666666666,0.7777777777777778,1.0,1.0,0.0,0.0
PhISCS-given-kmax,3,40,0.5,0.4,0.8333333333333334,0.75,1.0,1.0,0.0,0.0
modified_PhISCS,3,40,0.5,0.4,1.0,0.0,1.0,0.0,0.0,0.0
modified_PhISCS-p=10,3,40,0.5,0.4,0.6666666666666666,0.7777777777777778,1.0,1.0,0.0,0.0
PhISCS,3,100,0.0,0.0,0.3333333333333333,0.6923076923076923,1.0,1.0,0.0,0.0
PhISCS-given-kmax,3,100,0.0,0.0,0.3333333333333333,0.0,1.0,1.0,0.0,0.0
modified_PhISCS,3,100,0.0,0.0,0.3333333333333333,0.0,1.0,1.0,0.0,0.0
modified_PhISCS-p=10,3,100,0.0,0.0,0.3333333333333333,0.0,1.0,1.0,0.0,0.0
PhISCS,3,100,0.0,0.2,0.3333333333333333,0.6923076923076923,1.0,1.0,0.0,0.0
PhISCS-given-kmax,3,100,0.0,0.2,0.3333333333333333,0.0,1.0,1.0,0.0,0.0
modified_PhISCS,3,100,0.0,0.2,1.0,0.0,1.0,0.0,0.0,0.0
modified_PhISCS-p=10,3,100,0.0,0.2,0.8333333333333334,0.6666666666666666,1.0,0.0,0.0,0.0
PhISCS,3,100,0.0,0.4,0.3333333333333333,0.6923076923076923,1.0,1.0,0.0,0.0
PhISCS-given-kmax,3,100,0.0,0.4,0.8333333333333334,0.75,1.0,1.0,0.0,0.0
modified_PhISCS,3,100,0.0,0.4,1.0,0.0,1.0,0.0,0.0,0.0
modified_PhISCS-p=10,3,100,0.0,0.4,0.8333333333333334,0.0,1.0,0.0,0.0,0.0
PhISCS,3,100,0.125,0.0,0.3333333333333333,0.6923076923076923,1.0,1.0,0.0,0.0
PhISCS-given-kmax,3,100,0.125,0.0,0.3333333333333333,0.0,1.0,1.0,0.0,0.0
modified_PhISCS,3,100,0.125,0.0,0.3333333333333333,0.0,1.0,1.0,0.0,0.0
modified_PhISCS-p=10,3,100,0.125,0.0,0.3333333333333333,0.0,1.0,1.0,0.0,0.0
PhISCS,3,100,0.125,0.2,0.3333333333333333,0.6923076923076923,1.0,1.0,0.0,0.0
PhISCS-given-kmax,3,100,0.125,0.2,0.3333333333333333,0.0,1.0,1.0,0.0,0.0
modified_PhISCS,3,100,0.125,0.2,1.0,0.0,1.0,0.0,0.0,0.0
modified_PhISCS-p=10,3,100,0.125,0.2,0.8333333333333334,0.6666666666666666,1.0,0.0,0.0,0.0
PhISCS,3,100,0.125,0.4,0.3333333333333333,0.6923076923076923,1.0,1.0,0.0,0.0
PhISCS-given-kmax,3,100,0.125,0.4,0.3333333333333333,0.0,1.0,1.0,0.0,0.0
modified_PhISCS,3,100,0.125,0.4,1.0,0.0,1.0,0.0,0.0,0.0
modified_PhISCS-p=10,3,100,0.125,0.4,1.0,1.0,1.0,0.0,0.0,0.0
PhISCS,3,100,0.25,0.0,0.3333333333333333,0.6923076923076923,1.0,1.0,0.0,0.0
PhISCS-given-kmax,3,100,0.25,0.0,0.3333333333333333,0.0,1.0,1.0,0.0,0.0
modified_PhISCS,3,100,0.25,0.0,0.3333333333333333,0.0,1.0,1.0,0.0,0.0
modified_PhISCS-p=10,3,100,0.25,0.0,0.3333333333333333,0.0,1.0,1.0,0.0,0.0
PhISCS,3,100,0.25,0.2,0.3333333333333333,0.6923076923076923,0.5,0.0,0.0,0.0
PhISCS-given-kmax,3,100,0.25,0.2,0.3333333333333333,0.0,0.5,0.0,0.0,0.0
modified_PhISCS,3,100,0.25,0.2,1.0,0.0,1.0,0.0,0.0,0.0
modified_PhISCS-p=10,3,100,0.25,0.2,0.8333333333333334,0.5,1.0,1.0,0.0,0.0
PhISCS,3,100,0.25,0.4,0.3333333333333333,0.6923076923076923,0.5,0.0,0.0,0.0
PhISCS-given-kmax,3,100,0.25,0.4,0.8333333333333334,0.75,0.5,0.0,0.0,0.0
modified_PhISCS,3,100,0.25,0.4,1.0,0.0,1.0,0.0,0.0,0.0
modified_PhISCS-p=10,3,100,0.25,0.4,0.8333333333333334,0.5,1.0,1.0,0.0,0.0
PhISCS,3,100,0.5,0.0,0.5,0.75,0.5,0.0,0.0,1.0
PhISCS-given-kmax,3,100,0.5,0.0,0.3333333333333333,0.0,0.5,0.0,0.0,0.0
modified_PhISCS,3,100,0.5,0.0,0.3333333333333333,0.0,0.5,0.0,0.0,0.0
modified_PhISCS-p=10,3,100,0.5,0.0,0.3333333333333333,0.0,0.5,0.0,0.0,0.0
PhISCS,3,100,0.5,0.2,0.3333333333333333,0.6923076923076923,0.5,0.0,0.0,0.0
PhISCS-given-kmax,3,100,0.5,0.2,0.8333333333333334,0.75,0.5,0.0,0.0,0.0
modified_PhISCS,3,100,0.5,0.2,1.0,0.0,1.0,0.0,0.0,0.0
modified_PhISCS-p=10,3,100,0.5,0.2,0.8333333333333334,0.75,0.5,0.0,0.0,0.0
PhISCS,3,100,0.5,0.4,0.5,0.7,0.75,0.8,0.0,0.0
PhISCS-given-kmax,3,100,0.5,0.4,1.0,1.0,1.0,1.0,0.0,0.0
modified_PhISCS,3,100,0.5,0.4,1.0,0.0,1.0,0.0,0.0,0.0
modified_PhISCS-p=10,3,100,0.5,0.4,1.0,1.0,1.0,1.0,0.0,0.0
PhISCS,4,10,0.0,0.0,0.1111111111111111,0.38461538461538464,1.0,1.0,0.0,1.0
PhISCS-given-kmax,4,10,0.0,0.0,0.7777777777777778,0.6,1.0,1.0,0.0,0.0
modified_PhISCS,4,10,0.0,0.0,0.0,0.18181818181818182,1.0,1.0,0.0,0.0
modified_PhISCS-p=10,4,10,0.0,0.0,0.0,0.18181818181818182,1.0,1.0,0.0,0.0
PhISCS,4,10,0.0,0.2,0.2222222222222222,0.4166666666666667,1.0,1.0,0.0,1.0
PhISCS-given-kmax,4,10,0.0,0.2,0.8888888888888888,0.8,1.0,1.0,0.0,0.0
modified_PhISCS,4,10,0.0,0.2,0.7777777777777778,0.3333333333333333,1.0,1.0,0.0,0.0
modified_PhISCS-p=10,4,10,0.0,0.2,0.2222222222222222,0.4166666666666667,1.0,1.0,0.0,1.0
PhISCS,4,10,0.0,0.4,0.5555555555555556,0.5555555555555556,1.0,1.0,0.0,0.0
PhISCS-given-kmax,4,10,0.0,0.4,0.6666666666666666,0.25,1.0,1.0,0.0,0.0
modified_PhISCS,4,10,0.0,0.4,1.0,1.0,1.0,0.0,0.0,0.0
modified_PhISCS-p=10,4,10,0.0,0.4,0.5555555555555556,0.5555555555555556,1.0,1.0,0.0,0.0
PhISCS,4,10,0.125,0.0,0.1111111111111111,0.38461538461538464,1.0,1.0,0.0,1.0
PhISCS-given-kmax,4,10,0.125,0.0,0.4444444444444444,0.16666666666666666,1.0,1.0,0.0,0.0
modified_PhISCS,4,10,0.125,0.0,0.4444444444444444,0.375,1.0,1.0,0.0,0.0
modified_PhISCS-p=10,4,10,0.125,0.0,0.4444444444444444,0.375,1.0,1.0,0.0,0.0
PhISCS,4,10,0.125,0.2,0.0,0.35714285714285715,1.0,1.0,0.0,0.0
PhISCS-given-kmax,4,10,0.125,0.2,0.7777777777777778,0.6666666666666666,1.0,1.0,0.0,0.0
modified_PhISCS,4,10,0.125,0.2,0.7777777777777778,0.3333333333333333,1.0,1.0,0.0,0.0
modified_PhISCS-p=10,4,10,0.125,0.2,0.0,0.35714285714285715,1.0,1.0,0.0,0.0
PhISCS,4,10,0.125,0.4,0.2222222222222222,0.2222222222222222,1.0,1.0,0.0,1.0
PhISCS-given-kmax,4,10,0.125,0.4,0.8888888888888888,0.75,1.0,1.0,0.0,0.0
modified_PhISCS,4,10,0.125,0.4,1.0,1.0,1.0,0.0,0.0,0.0
modified_PhISCS-p=10,4,10,0.125,0.4,0.2222222222222222,0.2222222222222222,1.0,1.0,0.0,1.0
PhISCS,4,10,0.25,0.0,0.2222222222222222,0.125,0.0,0.8571428571428571,0.0,0.0
PhISCS-given-kmax,4,10,0.25,0.0,0.5555555555555556,0.0,0.0,0.5,0.0,0.0
modified_PhISCS,4,10,0.25,0.0,0.2222222222222222,0.0,0.0,0.6666666666666666,0.0,0.0
modified_PhISCS-p=10,4,10,0.25,0.0,0.2222222222222222,0.0,0.0,0.6666666666666666,0.0,0.0
PhISCS,4,10,0.25,0.2,0.5555555555555556,0.2,1.0,1.0,0.0,0.0
PhISCS-given-kmax,4,10,0.25,0.2,0.7777777777777778,0.0,1.0,1.0,0.0,0.0
modified_PhISCS,4,10,0.25,0.2,0.8888888888888888,0.75,1.0,1.0,0.0,0.0
modified_PhISCS-p=10,4,10,0.25,0.2,0.5555555555555556,0.2,1.0,1.0,0.0,0.0
PhISCS,4,10,0.25,0.4,0.8888888888888888,0.75,1.0,1.0,0.0,0.0
PhISCS-given-kmax,4,10,0.25,0.4,1.0,1.0,1.0,1.0,0.0,0.0
modified_PhISCS,4,10,0.25,0.4,1.0,0.0,1.0,0.0,0.0,0.0
modified_PhISCS-p=10,4,10,0.25,0.4,0.8888888888888888,0.75,1.0,1.0,0.0,0.0
PhISCS,4,10,0.5,0.0,0.3333333333333333,0.25,1.0,1.0,0.0,0.0
PhISCS-given-kmax,4,10,0.5,0.0,0.7777777777777778,0.3333333333333333,1.0,1.0,0.0,0.0
modified_PhISCS,4,10,0.5,0.0,0.3333333333333333,0.25,1.0,1.0,0.0,0.0
modified_PhISCS-p=10,4,10,0.5,0.0,0.3333333333333333,0.25,1.0,1.0,0.0,0.0
PhISCS,4,10,0.5,0.2,0.7777777777777778,0.6666666666666666,1.0,1.0,0.0,0.0
PhISCS-given-kmax,4,10,0.5,0.2,0.7777777777777778,0.3333333333333333,1.0,1.0,0.0,0.0
modified_PhISCS,4,10,0.5,0.2,0.7777777777777778,0.6666666666666666,1.0,1.0,0.0,0.0
modified_PhISCS-p=10,4,10,0.5,0.2,0.7777777777777778,0.6666666666666666,1.0,1.0,0.0,0.0
PhISCS,4,10,0.5,0.4,0.6666666666666666,0.25,1.0,1.0,0.0,1.0
PhISCS-given-kmax,4,10,0.5,0.4,1.0,1.0,1.0,0.0,0.0,1.0
modified_PhISCS,4,10,0.5,0.4,1.0,1.0,1.0,0.0,0.0,1.0
modified_PhISCS-p=10,4,10,0.5,0.4,0.6666666666666666,0.25,1.0,1.0,0.0,1.0
PhISCS,4,20,0.0,0.0,0.1111111111111111,0.38461538461538464,1.0,1.0,0.0,1.0
PhISCS-given-kmax,4,20,0.0,0.0,0.4444444444444444,0.16666666666666666,1.0,1.0,0.0,0.0
modified_PhISCS,4,20,0.0,0.0,0.0,0.18181818181818182,1.0,1.0,0.0,0.0
modified_PhISCS-p=10,4,20,0.0,0.0,0.0,0.18181818181818182,1.0,1.0,0.0,0.0
PhISCS,4,20,0.0,0.2,0.1111111111111111,0.38461538461538464,1.0,1.0,0.0,1.0
PhISCS-given-kmax,4,20,0.0,0.2,0.7777777777777778,0.6,1.0,1.0,0.0,0.0
modified_PhISCS,4,20,0.0,0.2,1.0,1.0,1.0,1.0,0.0,0.0
modified_PhISCS-p=10,4,20,0.0,0.2,0.4444444444444444,0.375,1.0,1.0,0.0,0.0
PhISCS,4,20,0.0,0.4,0.1111111111111111,0.2727272727272727,1.0,1.0,0.0,0.0
PhISCS-given-kmax,4,20,0.0,0.4,0.7777777777777778,0.3333333333333333,1.0,1.0,0.0,0.0
modified_PhISCS,4,20,0.0,0.4,1.0,0.0,1.0,0.0,0.0,0.0
modified_PhISCS-p=10,4,20,0.0,0.4,0.7777777777777778,0.3333333333333333,1.0,1.0,0.0,0.0
PhISCS,4,20,0.125,0.0,0.0,0.35714285714285715,1.0,1.0,0.0,0.0
PhISCS-given-kmax,4,20,0.125,0.0,0.4444444444444444,0.2857142857142857,1.0,1.0,0.0,0.0
modified_PhISCS,4,20,0.125,0.0,0.0,0.18181818181818182,1.0,1.0,0.0,0.0
modified_PhISCS-p=10,4,20,0.125,0.0,0.0,0.18181818181818182,1.0,1.0,0.0,0.0
PhISCS,4,20,0.125,0.2,0.1111111111111111,0.42857142857142855,1.0,1.0,0.0,0.0
PhISCS-given-kmax,4,20,0.125,0.2,0.7777777777777778,0.6,1.0,1.0,0.0,0.0
modified_PhISCS,4,20,0.125,0.2,1.0,1.0,1.0,1.0,0.0,0.0
modified_PhISCS-p=10,4,20,0.125,0.2,0.4444444444444444,0.375,1.0,1.0,0.0,0.0
PhISCS,4,20,0.125,0.4,0.0,0.35714285714285715,1.0,1.0,0.0,0.0
PhISCS-given-kmax,4,20,0.125,0.4,0.7777777777777778,0.6,1.0,1.0,0.0,0.0
modified_PhISCS,4,20,0.125,0.4,1.0,0.0,1.0,0.0,0.0,0.0
modified_PhISCS-p=10,4,20,0.125,0.4,0.0,0.35714285714285715,1.0,1.0,0.0,0.0
PhISCS,4,20,0.25,0.0,0.0,0.25,1.0,1.0,0.0,0.0
PhISCS-given-kmax,4,20,0.25,0.0,0.3333333333333333,0.25,1.0,1.0,0.0,0.0
modified_PhISCS,4,20,0.25,0.0,0.0,0.18181818181818182,1.0,1.0,0.0,0.0
modified_PhISCS-p=10,4,20,0.25,0.0,0.0,0.18181818181818182,1.0,1.0,0.0,0.0
PhISCS,4,20,0.25,0.2,0.2222222222222222,0.3,1.0,1.0,0.0,0.0
PhISCS-given-kmax,4,20,0.25,0.2,0.7777777777777778,0.3333333333333333,1.0,1.0,0.0,0.0
modified_PhISCS,4,20,0.25,0.2,1.0,1.0,1.0,1.0,0.0,0.0
modified_PhISCS-p=10,4,20,0.25,0.2,0.2222222222222222,0.3,1.0,1.0,0.0,0.0
PhISCS,4,20,0.25,0.4,0.4444444444444444,0.2857142857142857,1.0,1.0,0.0,0.0
PhISCS-given-kmax,4,20,0.25,0.4,0.7777777777777778,0.5,1.0,1.0,0.0,0.0
modified_PhISCS,4,20,0.25,0.4,1.0,1.0,1.0,0.0,0.0,0.0
modified_PhISCS-p=10,4,20,0.25,0.4,0.4444444444444444,0.2857142857142857,1.0,1.0,0.0,0.0
PhISCS,4,20,0.5,0.0,0.5555555555555556,0.6,1.0,1.0,0.0,0.0
PhISCS-given-kmax,4,20,0.5,0.0,0.5555555555555556,0.3333333333333333,1.0,1.0,0.0,0.0
modified_PhISCS,4,20,0.5,0.0,0.5555555555555556,0.3333333333333333,1.0,1.0,0.0,0.0
modified_PhISCS-p=10,4,20,0.5,0.0,0.5555555555555556,0.3333333333333333,1.0,1.0,0.0,0.0
PhISCS,4,20,0.5,0.2,0.3333333333333333,0.25,0.0,0.8571428571428571,0.0,0.0
PhISCS-given-kmax,4,20,0.5,0.2,0.7777777777777778,0.3333333333333333,1.0,1.0,0.0,0.0
modified_PhISCS,4,20,0.5,0.2,0.7777777777777778,0.3333333333333333,1.0,1.0,0.0,0.0
modified_PhISCS-p=10,4,20,0.5,0.2,0.3333333333333333,0.25,0.0,0.8571428571428571,0.0,0.0
PhISCS,4,20,0.5,0.4,0.7777777777777778,0.6666666666666666,1.0,1.0,0.0,0.0
PhISCS-given-kmax,4,20,0.5,0.4,1.0,1.0,1.0,1.0,0.0,0.0
modified_PhISCS,4,20,0.5,0.4,1.0,0.0,1.0,0.0,0.0,0.0
modified_PhISCS-p=10,4,20,0.5,0.4,0.7777777777777778,0.6666666666666666,1.0,1.0,0.0,0.0
PhISCS,4,40,0.0,0.0,0.1111111111111111,0.38461538461538464,1.0,1.0,0.0,1.0
PhISCS-given-kmax,4,40,0.0,0.0,0.4444444444444444,0.16666666666666666,1.0,1.0,0.0,0.0
modified_PhISCS,4,40,0.0,0.0,0.0,0.18181818181818182,1.0,1.0,0.0,0.0
modified_PhISCS-p=10,4,40,0.0,0.0,0.0,0.18181818181818182,1.0,1.0,0.0,0.0
PhISCS,4,40,0.0,0.2,0.0,0.35714285714285715,1.0,1.0,0.0,0.0
PhISCS-given-kmax,4,40,0.0,0.2,0.7777777777777778,0.6666666666666666,1.0,1.0,0.0,0.0
modified_PhISCS,4,40,0.0,0.2,1.0,0.0,1.0,0.0,0.0,0.0
modified_PhISCS-p=10,4,40,0.0,0.2,0.7777777777777778,0.6666666666666666,1.0,1.0,0.0,0.0
PhISCS,4,40,0.0,0.4,0.1111111111111111,0.42857142857142855,1.0,1.0,0.0,0.0
PhISCS-given-kmax,4,40,0.0,0.4,0.7777777777777778,0.6666666666666666,1.0,1.0,0.0,0.0
modified_PhISCS,4,40,0.0,0.4,1.0,0.0,1.0,0.0,0.0,0.0
modified_PhISCS-p=10,4,40,0.0,0.4,0.7777777777777778,0.6666666666666666,1.0,1.0,0.0,0.0
PhISCS,4,40,0.125,0.0,0.0,0.35714285714285715,1.0,1.0,0.0,0.0
PhISCS-given-kmax,4,40,0.125,0.0,0.3333333333333333,0.25,1.0,1.0,0.0,0.0
modified_PhISCS,4,40,0.125,0.0,0.0,0.18181818181818182,1.0,1.0,0.0,0.0
modified_PhISCS-p=10,4,40,0.125,0.0,0.0,0.18181818181818182,1.0,1.0,0.0,0.0
PhISCS,4,40,0.125,0.2,0.1111111111111111,0.38461538461538464,1.0,1.0,0.0,1.0
PhISCS-given-kmax,4,40,0.125,0.2,0.7777777777777778,0.6,1.0,1.0,0.0,0.0
modified_PhISCS,4,40,0.125,0.2,1.0,1.0,1.0,0.0,0.0,0.0
modified_PhISCS-p=10,4,40,0.125,0.2,0.7777777777777778,0.6,1.0,1.0,0.0,0.0
PhISCS,4,40,0.125,0.4,0.1111111111111111,0.2727272727272727,0.0,0.9,0.0,0.0
PhISCS-given-kmax,4,40,0.125,0.4,0.8888888888888888,0.8,0.0,0.8,0.0,0.0
modified_PhISCS,4,40,0.125,0.4,1.0,0.0,1.0,0.0,0.0,0.0
modified_PhISCS-p=10,4,40,0.125,0.4,0.8888888888888888,0.8,0.0,0.8,0.0,0.0
PhISCS,4,40,0.25,0.0,0.0,0.35714285714285715,1.0,1.0,0.0,0.0
PhISCS-given-kmax,4,40,0.25,0.0,0.0,0.0,1.0,1.0,0.0,0.0
modified_PhISCS,4,40,0.25,0.0,0.0,0.18181818181818182,1.0,1.0,0.0,0.0
modified_PhISCS-p=10,4,40,0.25,0.0,0.0,0.18181818181818182,1.0,1.0,0.0,0.0
PhISCS,4,40,0.25,0.2,0.0,0.35714285714285715,1.0,1.0,0.0,0.0
PhISCS-given-kmax,4,40,0.25,0.2,0.7777777777777778,0.6,1.0,1.0,0.0,0.0
modified_PhISCS,4,40,0.25,0.2,1.0,0.0,1.0,0.0,0.0,0.0
modified_PhISCS-p=10,4,40,0.25,0.2,0.7777777777777778,0.6,1.0,1.0,0.0,0.0
PhISCS,4,40,0.25,0.4,0.4444444444444444,0.5454545454545454,1.0,1.0,0.0,0.0
PhISCS-given-kmax,4,40,0.25,0.4,0.8888888888888888,0.75,1.0,1.0,0.0,0.0
modified_PhISCS,4,40,0.25,0.4,1.0,0.0,1.0,0.0,0.0,0.0
modified_PhISCS-p=10,4,40,0.25,0.4,0.8888888888888888,0.75,1.0,1.0,0.0,0.0
PhISCS,4,40,0.5,0.0,0.3333333333333333,0.3333333333333333,1.0,1.0,0.0,0.0
PhISCS-given-kmax,4,40,0.5,0.0,0.5555555555555556,0.0,1.0,1.0,0.0,1.0
modified_PhISCS,4,40,0.5,0.0,0.2222222222222222,0.0,1.0,1.0,0.0,0.0
modified_PhISCS-p=10,4,40,0.5,0.0,0.2222222222222222,0.0,1.0,1.0,0.0,0.0
PhISCS,4,40,0.5,0.2,0.0,0.3076923076923077,1.0,1.0,0.0,1.0
PhISCS-given-kmax,4,40,0.5,0.2,0.7777777777777778,0.5,1.0,1.0,0.0,0.0
modified_PhISCS,4,40,0.5,0.2,1.0,1.0,1.0,1.0,0.0,0.0
modified_PhISCS-p=10,4,40,0.5,0.2,0.0,0.3076923076923077,1.0,1.0,0.0,1.0
PhISCS,4,40,0.5,0.4,0.3333333333333333,0.3333333333333333,1.0,1.0,0.0,1.0
PhISCS-given-kmax,4,40,0.5,0.4,1.0,1.0,1.0,1.0,0.0,1.0
modified_PhISCS,4,40,0.5,0.4,1.0,0.0,1.0,0.0,0.0,0.0
modified_PhISCS-p=10,4,40,0.5,0.4,0.3333333333333333,0.3333333333333333,1.0,1.0,0.0,1.0
PhISCS,4,100,0.0,0.0,0.0,0.35714285714285715,1.0,1.0,0.0,0.0
PhISCS-given-kmax,4,100,0.0,0.0,0.4444444444444444,0.16666666666666666,1.0,1.0,0.0,0.0
modified_PhISCS,4,100,0.0,0.0,0.0,0.18181818181818182,1.0,1.0,0.0,0.0
modified_PhISCS-p=10,4,100,0.0,0.0,0.0,0.18181818181818182,1.0,1.0,0.0,0.0
PhISCS,4,100,0.0,0.2,0.1111111111111111,0.42857142857142855,1.0,1.0,0.0,0.0
PhISCS-given-kmax,4,100,0.0,0.2,0.7777777777777778,0.6,1.0,1.0,0.0,0.0
modified_PhISCS,4,100,0.0,0.2,1.0,0.0,1.0,0.0,0.0,0.0
modified_PhISCS-p=10,4,100,0.0,0.2,1.0,1.0,1.0,1.0,0.0,0.0
PhISCS,4,100,0.0,0.4,0.0,0.35714285714285715,1.0,1.0,0.0,0.0
PhISCS-given-kmax,4,100,0.0,0.4,0.7777777777777778,0.6,1.0,1.0,0.0,0.0
modified_PhISCS,4,100,0.0,0.4,1.0,0.0,1.0,0.0,0.0,0.0
modified_PhISCS-p=10,4,100,0.0,0.4,1.0,1.0,1.0,1.0,0.0,0.0
PhISCS,4,100,0.125,0.0,0.0,0.35714285714285715,1.0,1.0,0.0,0.0
PhISCS-given-kmax,4,100,0.125,0.0,0.7777777777777778,0.6,1.0,1.0,0.0,0.0
modified_PhISCS,4,100,0.125,0.0,0.0,0.18181818181818182,1.0,1.0,0.0,0.0
modified_PhISCS-p=10,4,100,0.125,0.0,0.0,0.18181818181818182,1.0,1.0,0.0,0.0
PhISCS,4,100,0.125,0.2,0.0,0.47058823529411764,1.0,1.0,0.0,0.0
PhISCS-given-kmax,4,100,0.125,0.2,0.7777777777777778,0.6666666666666666,1.0,1.0,0.0,0.0
modified_PhISCS,4,100,0.125,0.2,1.0,0.0,1.0,0.0,0.0,0.0
modified_PhISCS-p=10,4,100,0.125,0.2,1.0,1.0,1.0,1.0,0.0,0.0
PhISCS,4,100,0.125,0.4,0.0,0.35714285714285715,1.0,1.0,0.0,0.0
PhISCS-given-kmax,4,100,0.125,0.4,0.7777777777777778,0.6,1.0,1.0,0.0,0.0
modified_PhISCS,4,100,0.125,0.4,1.0,0.0,1.0,0.0,0.0,0.0
modified_PhISCS-p=10,4,100,0.125,0.4,1.0,1.0,1.0,1.0,0.0,0.0
PhISCS,4,100,0.25,0.0,0.0,0.35714285714285715,1.0,1.0,0.0,0.0
PhISCS-given-kmax,4,100,0.25,0.0,0.4444444444444444,0.2857142857142857,1.0,1.0,0.0,0.0
modified_PhISCS,4,100,0.25,0.0,0.0,0.18181818181818182,1.0,1.0,0.0,0.0
modified_PhISCS-p=10,4,100,0.25,0.0,0.0,0.18181818181818182,1.0,1.0,0.0,0.0
PhISCS,4,100,0.25,0.2,0.0,0.35714285714285715,0.0,0.8571428571428571,0.0,0.0
PhISCS-given-kmax,4,100,0.25,0.2,0.7777777777777778,0.6,0.0,0.8,0.0,0.0
modified_PhISCS,4,100,0.25,0.2,1.0,0.0,1.0,0.0,0.0,0.0
modified_PhISCS-p=10,4,100,0.25,0.2,0.7777777777777778,0.6,0.0,0.8,0.0,0.0
PhISCS,4,100,0.25,0.4,0.1111111111111111,0.38461538461538464,1.0,1.0,0.0,0.0
PhISCS-given-kmax,4,100,0.25,0.4,0.8888888888888888,0.8,1.0,1.0,0.0,0.0
modified_PhISCS,4,100,0.25,0.4,1.0,0.0,1.0,0.0,0.0,0.0
modified_PhISCS-p=10,4,100,0.25,0.4,1.0,1.0,1.0,1.0,0.0,0.0
PhISCS,4,100,0.5,0.0,0.0,0.35714285714285715,0.0,0.8571428571428571,0.0,0.0
PhISCS-given-kmax,4,100,0.5,0.0,0.3333333333333333,0.25,1.0,1.0,0.0,0.0
modified_PhISCS,4,100,0.5,0.0,0.0,0.18181818181818182,0.0,0.75,0.0,0.0
modified_PhISCS-p=10,4,100,0.5,0.0,0.0,0.18181818181818182,0.0,0.75,0.0,0.0
PhISCS,4,100,0.5,0.2,0.0,0.35714285714285715,1.0,1.0,0.0,0.0
PhISCS-given-kmax,4,100,0.5,0.2,0.7777777777777778,0.6666666666666666,1.0,1.0,0.0,0.0
modified_PhISCS,4,100,0.5,0.2,1.0,0.0,1.0,0.0,0.0,0.0
modified_PhISCS-p=10,4,100,0.5,0.2,0.7777777777777778,0.6666666666666666,1.0,1.0,0.0,0.0
PhISCS,4,100,0.5,0.4,0.2222222222222222,0.4166666666666667,0.0,0.8888888888888888,0.0,0.0
PhISCS-given-kmax,4,100,0.5,0.4,0.7777777777777778,0.5,0.0,0.8333333333333334,0.0,0.0
modified_PhISCS,4,100,0.5,0.4,1.0,0.0,1.0,0.0,0.0,0.0
modified_PhISCS-p=10,4,100,0.5,0.4,0.7777777777777778,0.5,0.0,0.8333333333333334,0.0,0.0
PhISCS,5,10,0.0,0.0,0.16666666666666666,0.3333333333333333,1.0,1.0,0.0,0.6666666666666666
PhISCS-given-kmax,5,10,0.0,0.0,0.4166666666666667,0.4166666666666667,1.0,0.0,0.0,0.6666666666666666
modified_PhISCS,5,10,0.0,0.0,0.16666666666666666,0.3333333333333333,1.0,1.0,0.0,0.6666666666666666
modified_PhISCS-p=10,5,10,0.0,0.0,0.16666666666666666,0.3333333333333333,1.0,1.0,0.0,0.6666666666666666
PhISCS,5,10,0.0,0.2,0.16666666666666666,0.3333333333333333,1.0,1.0,0.0,0.6666666666666666
PhISCS-given-kmax,5,10,0.0,0.2,0.4166666666666667,0.36363636363636365,1.0,1.0,0.0,0.0
modified_PhISCS,5,10,0.0,0.2,0.9166666666666666,0.5,0.5,0.0,1.0,0.0
modified_PhISCS-p=10,5,10,0.0,0.2,0.16666666666666666,0.3333333333333333,1.0,1.0,0.0,0.6666666666666666
PhISCS,5,10,0.0,0.4,0.25,0.4,1.0,1.0,1.0,0.0
PhISCS-given-kmax,5,10,0.0,0.4,0.6666666666666666,0.5555555555555556,1.0,1.0,1.0,0.0
modified_PhISCS,5,10,0.0,0.4,1.0,1.0,1.0,0.0,1.0,0.0
modified_PhISCS-p=10,5,10,0.0,0.4,0.25,0.4,1.0,1.0,1.0,0.0
PhISCS,5,10,0.125,0.0,0.25,0.3076923076923077,0.5,0.8,0.0,0.6666666666666666
PhISCS-given-kmax,5,10,0.125,0.0,0.5,0.4,1.0,1.0,0.0,0.6666666666666666
modified_PhISCS,5,10,0.125,0.0,0.25,0.3076923076923077,0.5,0.8,0.0,0.6666666666666666
modified_PhISCS-p=10,5,10,0.125,0.0,0.25,0.3076923076923077,0.5,0.8,0.0,0.6666666666666666
PhISCS,5,10,0.125,0.2,0.16666666666666666,0.3333333333333333,0.0,0.6,1.0,1.0
PhISCS-given-kmax,5,10,0.125,0.2,0.5,0.4,0.0,0.6,1.0,0.0
modified_PhISCS,5,10,0.125,0.2,1.0,1.0,1.0,1.0,1.0,0.0
modified_PhISCS-p=10,5,10,0.125,0.2,0.16666666666666666,0.3333333333333333,0.0,0.6,1.0,1.0
PhISCS,5,10,0.125,0.4,0.5833333333333334,0.4444444444444444,1.0,1.0,1.0,0.0
PhISCS-given-kmax,5,10,0.125,0.4,0.75,0.4,1.0,1.0,1.0,0.0
modified_PhISCS,5,10,0.125,0.4,1.0,0.0,1.0,0.0,1.0,0.0
modified_PhISCS-p=10,5,10,0.125,0.4,0.5833333333333334,0.4444444444444444,1.0,1.0,1.0,0.0
PhISCS,5,10,0.25,0.0,0.16666666666666666,0.3333333333333333,1.0,1.0,0.0,0.6666666666666666
PhISCS-given-kmax,5,10,0.25,0.0,0.4166666666666667,0.36363636363636365,1.0,1.0,1.0,1.0
modified_PhISCS,5,10,0.25,0.0,0.16666666666666666,0.3333333333333333,1.0,1.0,0.0,0.6666666666666666
modified_PhISCS-p=10,5,10,0.25,0.0,0.16666666666666666,0.3333333333333333,1.0,1.0,0.0,0.6666666666666666
PhISCS,5,10,0.25,0.2,0.16666666666666666,0.375,1.0,1.0,1.0,1.0
PhISCS-given-kmax,5,10,0.25,0.2,0.4166666666666667,0.36363636363636365,1.0,1.0,1.0,0.0
modified_PhISCS,5,10,0.25,0.2,0.9166666666666666,0.75,0.0,0.0,1.0,0.0
modified_PhISCS-p=10,5,10,0.25,0.2,0.16666666666666666,0.4117647058823529,1.0,1.0,0.0,0.0
PhISCS,5,10,0.25,0.4,0.3333333333333333,0.5,1.0,1.0,1.0,0.0
PhISCS-given-kmax,5,10,0.25,0.4,0.5833333333333334,0.5,1.0,1.0,1.0,0.0
modified_PhISCS,5,10,0.25,0.4,1.0,1.0,1.0,0.0,1.0,0.0
modified_PhISCS-p=10,5,10,0.25,0.4,0.3333333333333333,0.5,1.0,1.0,1.0,0.0
PhISCS,5,10,0.5,0.0,0.6666666666666666,0.42857142857142855,0.5,0.8571428571428571,1.0,1.0
PhISCS-given-kmax,5,10,0.5,0.0,0.6666666666666666,0.42857142857142855,0.5,0.8571428571428571,1.0,1.0
modified_PhISCS,5,10,0.5,0.0,0.6666666666666666,0.42857142857142855,0.5,0.8571428571428571,1.0,1.0
modified_PhISCS-p=10,5,10,0.5,0.0,0.6666666666666666,0.42857142857142855,0.5,0.8571428571428571,1.0,1.0
PhISCS,5,10,0.5,0.2,0.8333333333333334,0.7142857142857143,1.0,1.0,1.0,0.0
PhISCS-given-kmax,5,10,0.5,0.2,1.0,1.0,1.0,1.0,1.0,0.0
modified_PhISCS,5,10,0.5,0.2,1.0,1.0,1.0,1.0,1.0,0.0
modified_PhISCS-p=10,5,10,0.5,0.2,0.8333333333333334,0.7142857142857143,1.0,1.0,1.0,0.0
PhISCS,5,10,0.5,0.4,0.75,0.25,1.0,1.0,1.0,0.0
PhISCS-given-kmax,5,10,0.5,0.4,0.9166666666666666,0.5,1.0,1.0,1.0,0.0
modified_PhISCS,5,10,0.5,0.4,1.0,0.0,1.0,0.0,1.0,0.0
modified_PhISCS-p=10,5,10,0.5,0.4,0.75,0.25,1.0,1.0,1.0,0.0
PhISCS,5,20,0.0,0.0,0.0,0.29411764705882354,1.0,1.0,0.0,0.0
PhISCS-given-kmax,5,20,0.0,0.0,0.25,0.35714285714285715,1.0,0.0,0.0,0.0
modified_PhISCS,5,20,0.0,0.0,0.0,0.29411764705882354,1.0,1.0,0.0,0.0
modified_PhISCS-p=10,5,20,0.0,0.0,0.0,0.29411764705882354,1.0,1.0,0.0,0.0
PhISCS,5,20,0.0,0.2,0.0,0.3333333333333333,1.0,1.0,1.0,0.0
PhISCS-given-kmax,5,20,0.0,0.2,0.4166666666666667,0.4166666666666667,1.0,1.0,1.0,0.0
modified_PhISCS,5,20,0.0,0.2,1.0,1.0,1.0,0.0,1.0,0.0
modified_PhISCS-p=10,5,20,0.0,0.2,0.0,0.3333333333333333,1.0,1.0,1.0,0.0
PhISCS,5,20,0.0,0.4,0.08333333333333333,0.35294117647058826,1.0,1.0,1.0,0.0
PhISCS-given-kmax,5,20,0.0,0.4,0.5,0.45454545454545453,1.0,1.0,1.0,0.0
modified_PhISCS,5,20,0.0,0.4,1.0,0.0,1.0,0.0,1.0,0.0
modified_PhISCS-p=10,5,20,0.0,0.4,0.5,0.45454545454545453,1.0,1.0,1.0,0.0
PhISCS,5,20,0.125,0.0,0.0,0.3333333333333333,1.0,1.0,1.0,0.0
PhISCS-given-kmax,5,20,0.125,0.0,0.3333333333333333,0.3333333333333333,1.0,1.0,1.0,0.0
modified_PhISCS,5,20,0.125,0.0,0.0,0.29411764705882354,1.0,1.0,0.0,0.0
modified_PhISCS-p=10,5,20,0.125,0.0,0.0,0.29411764705882354,1.0,1.0,0.0,0.0
PhISCS,5,20,0.125,0.2,0.08333333333333333,0.35294117647058826,1.0,1.0,1.0,1.0
PhISCS-given-kmax,5,20,0.125,0.2,0.3333333333333333,0.3333333333333333,1.0,1.0,1.0,0.0
modified_PhISCS,5,20,0.125,0.2,1.0,1.0,1.0,0.0,1.0,0.0
modified_PhISCS-p=10,5,20,0.125,0.2,0.08333333333333333,0.35294117647058826,1.0,1.0,1.0,1.0
PhISCS,5,20,0.125,0.4,0.0,0.3333333333333333,1.0,1.0,1.0,0.0
PhISCS-given-kmax,5,20,0.125,0.4,0.4166666666666667,0.4166666666666667,1.0,1.0,1.0,0.0
modified_PhISCS,5,20,0.125,0.4,1.0,0.0,1.0,0.0,1.0,0.0
modified_PhISCS-p=10,5,20,0.125,0.4,0.6666666666666666,0.42857142857142855,1.0,1.0,1.0,0.0
PhISCS,5,20,0.25,0.0,0.08333333333333333,0.35294117647058826,1.0,1.0,1.0,1.0
PhISCS-given-kmax,5,20,0.25,0.0,0.4166666666666667,0.5,1.0,0.0,0.0,0.0
modified_PhISCS,5,20,0.25,0.0,0.08333333333333333,0.35294117647058826,1.0,1.0,1.0,1.0
modified_PhISCS-p=10,5,20,0.25,0.0,0.08333333333333333,0.35294117647058826,1.0,1.0,1.0,1.0
PhISCS,5,20,0.25,0.2,0.08333333333333333,0.3125,1.0,1.0,0.0,0.0
PhISCS-given-kmax,5,20,0.25,0.2,0.4166666666666667,0.36363636363636365,1.0,1.0,1.0,0.0
modified_PhISCS,5,20,0.25,0.2,0.9166666666666666,0.5,0.5,0.0,1.0,0.0
modified_PhISCS-p=10,5,20,0.25,0.2,0.4166666666666667,0.36363636363636365,1.0,1.0,1.0,0.0
PhISCS,5,20,0.25,0.4,0.3333333333333333,0.4666666666666667,1.0,0.0,1.0,0.0
PhISCS-given-kmax,5,20,0.25,0.4,0.5833333333333334,0.5,1.0,0.0,1.0,0.0
modified_PhISCS,5,20,0.25,0.4,1.0,0.0,1.0,0.0,1.0,0.0
modified_PhISCS-p=10,5,20,0.25,0.4,0.3333333333333333,0.4666666666666667,1.0,0.0,1.0,0.0
PhISCS,5,20,0.5,0.0,0.0,0.3333333333333333,1.0,1.0,1.0,0.0
PhISCS-given-kmax,5,20,0.5,0.0,0.3333333333333333,0.3333333333333333,1.0,1.0,1.0,0.0
modified_PhISCS,5,20,0.5,0.0,0.0,0.3333333333333333,1.0,1.0,1.0,0.0
modified_PhISCS-p=10,5,20,0.5,0.0,0.0,0.3333333333333333,1.0,1.0,1.0,0.0
PhISCS,5,20,0.5,0.2,0.16666666666666666,0.3333333333333333,0.0,0.6666666666666666,1.0,0.0
PhISCS-given-kmax,5,20,0.5,0.2,0.4166666666666667,0.3,0.0,0.6,1.0,0.0
modified_PhISCS,5,20,0.5,0.2,1.0,1.0,1.0,1.0,1.0,1.0
modified_PhISCS-p=10,5,20,0.5,0.2,0.16666666666666666,0.3333333333333333,0.0,0.6666666666666666,1.0,0.0
PhISCS,5,20,0.5,0.4,0.5,0.45454545454545453,1.0,1.0,1.0,0.0
PhISCS-given-kmax,5,20,0.5,0.4,0.6666666666666666,0.42857142857142855,1.0,1.0,1.0,0.0
modified_PhISCS,5,20,0.5,0.4,1.0,0.0,1.0,0.0,1.0,0.0
modified_PhISCS-p=10,5,20,0.5,0.4,0.5,0.45454545454545453,1.0,1.0,1.0,0.0
PhISCS,5,40,0.0,0.0,0.0,0.29411764705882354,1.0,1.0,0.0,0.0
PhISCS-given-kmax,5,40,0.0,0.0,0.3333333333333333,0.3333333333333333,1.0,1.0,1.0,0.0
modified_PhISCS,5,40,0.0,0.0,0.0,0.29411764705882354,1.0,1.0,0.0,0.0
modified_PhISCS-p=10,5,40,0.0,0.0,0.0,0.29411764705882354,1.0,1.0,0.0,0.0
PhISCS,5,40,0.0,0.2,0.0,0.3333333333333333,1.0,1.0,1.0,0.0
PhISCS-given-kmax,5,40,0.0,0.2,0.3333333333333333,0.3333333333333333,1.0,1.0,1.0,0.0
modified_PhISCS,5,40,0.0,0.2,1.0,0.0,1.0,0.0,1.0,0.0
modified_PhISCS-p=10,5,40,0.0,0.2,0.9166666666666666,0.75,1.0,1.0,1.0,0.0
PhISCS,5,40,0.0,0.4,0.16666666666666666,0.4444444444444444,1.0,1.0,1.0,0.0
PhISCS-given-kmax,5,40,0.0,0.4,0.4166666666666667,0.4166666666666667,1.0,1.0,1.0,0.0
modified_PhISCS,5,40,0.0,0.4,1.0,0.0,1.0,0.0,1.0,0.0
modified_PhISCS-p=10,5,40,0.0,0.4,0.9166666666666666,0.75,1.0,1.0,1.0,0.0
PhISCS,5,40,0.125,0.0,0.0,0.29411764705882354,1.0,1.0,0.0,0.0
PhISCS-given-kmax,5,40,0.125,0.0,0.3333333333333333,0.3333333333333333,1.0,1.0,0.0,0.0
modified_PhISCS,5,40,0.125,0.0,0.0,0.29411764705882354,1.0,1.0,0.0,0.0
modified_PhISCS-p=10,5,40,0.125,0.0,0.0,0.29411764705882354,1.0,1.0,0.0,0.0
PhISCS,5,40,0.125,0.2,0.0,0.3333333333333333,1.0,1.0,1.0,0.0
PhISCS-given-kmax,5,40,0.125,0.2,0.3333333333333333,0.3333333333333333,1.0,1.0,1.0,0.0
modified_PhISCS,5,40,0.125,0.2,1.0,0.0,1.0,0.0,1.0,0.0
modified_PhISCS-p=10,5,40,0.125,0.2,0.6666666666666666,0.42857142857142855,1.0,1.0,1.0,0.0
PhISCS,5,40,0.125,0.4,0.16666666666666666,0.4117647058823529,1.0,1.0,1.0,0.0
PhISCS-given-kmax,5,40,0.125,0.4,0.5833333333333334,0.5454545454545454,1.0,1.0,1.0,0.0
modified_PhISCS,5,40,0.125,0.4,1.0,0.0,1.0,0.0,1.0,0.0
modified_PhISCS-p=10,5,40,0.125,0.4,0.75,0.25,1.0,1.0,1.0,0.0
PhISCS,5,40,0.25,0.0,0.0,0.29411764705882354,1.0,1.0,0.0,0.0
PhISCS-given-kmax,5,40,0.25,0.0,0.3333333333333333,0.3333333333333333,1.0,1.0,1.0,0.0
modified_PhISCS,5,40,0.25,0.0,0.0,0.29411764705882354,1.0,1.0,0.0,0.0
modified_PhISCS-p=10,5,40,0.25,0.0,0.0,0.29411764705882354,1.0,1.0,0.0,0.0
PhISCS,5,40,0.25,0.2,0.0,0.3333333333333333,1.0,1.0,1.0,0.0
PhISCS-given-kmax,5,40,0.25,0.2,0.4166666666666667,0.4166666666666667,1.0,1.0,1.0,0.0
modified_PhISCS,5,40,0.25,0.2,1.0,0.0,1.0,0.0,1.0,0.0
modified_PhISCS-p=10,5,40,0.25,0.2,0.4166666666666667,0.4166666666666667,1.0,1.0,1.0,0.0
PhISCS,5,40,0.25,0.4,0.16666666666666666,0.4117647058823529,1.0,1.0,1.0,0.0
PhISCS-given-kmax,5,40,0.25,0.4,0.5833333333333334,0.5454545454545454,1.0,1.0,1.0,0.0
modified_PhISCS,5,40,0.25,0.4,1.0,0.0,1.0,0.0,1.0,0.0
modified_PhISCS-p=10,5,40,0.25,0.4,1.0,1.0,1.0,1.0,1.0,0.0
PhISCS,5,40,0.5,0.0,0.08333333333333333,0.35294117647058826,1.0,1.0,1.0,1.0
PhISCS-given-kmax,5,40,0.5,0.0,0.08333333333333333,0.08333333333333333,1.0,1.0,1.0,0.0
modified_PhISCS,5,40,0.5,0.0,0.08333333333333333,0.35294117647058826,1.0,1.0,1.0,1.0
modified_PhISCS-p=10,5,40,0.5,0.0,0.08333333333333333,0.35294117647058826,1.0,1.0,1.0,1.0
PhISCS,5,40,0.5,0.2,0.4166666666666667,0.5,1.0,0.0,1.0,1.0
PhISCS-given-kmax,5,40,0.5,0.2,0.6666666666666666,0.6,1.0,0.0,1.0,0.0
modified_PhISCS,5,40,0.5,0.2,1.0,0.0,1.0,0.0,1.0,0.0
modified_PhISCS-p=10,5,40,0.5,0.2,0.4166666666666667,0.5,1.0,0.0,1.0,1.0
PhISCS,5,40,0.5,0.4,0.5,0.4,1.0,1.0,1.0,0.0
PhISCS-given-kmax,5,40,0.5,0.4,0.6666666666666666,0.5,1.0,1.0,1.0,0.0
modified_PhISCS,5,40,0.5,0.4,1.0,1.0,1.0,0.0,1.0,0.0
modified_PhISCS-p=10,5,40,0.5,0.4,0.5,0.4,1.0,1.0,1.0,0.0
PhISCS,5,100,0.0,0.0,0.0,0.29411764705882354,1.0,1.0,0.0,0.0
PhISCS-given-kmax,5,100,0.0,0.0,0.3333333333333333,0.3333333333333333,1.0,1.0,1.0,0.0
modified_PhISCS,5,100,0.0,0.0,0.0,0.29411764705882354,1.0,1.0,0.0,0.0
modified_PhISCS-p=10,5,100,0.0,0.0,0.0,0.29411764705882354,1.0,1.0,0.0,0.0
PhISCS,5,100,0.0,0.2,0.0,0.3333333333333333,1.0,1.0,1.0,0.0
PhISCS-given-kmax,5,100,0.0,0.2,0.4166666666666667,0.4166666666666667,1.0,1.0,1.0,0.0
modified_PhISCS,5,100,0.0,0.2,1.0,0.0,1.0,0.0,1.0,0.0
modified_PhISCS-p=10,5,100,0.0,0.2,1.0,1.0,1.0,0.0,1.0,0.0
PhISCS,5,100,0.0,0.4,0.0,0.3333333333333333,1.0,1.0,1.0,0.0
PhISCS-given-kmax,5,100,0.0,0.4,0.4166666666666667,0.4166666666666667,1.0,1.0,1.0,0.0
modified_PhISCS,5,100,0.0,0.4,1.0,0.0,1.0,0.0,1.0,0.0
modified_PhISCS-p=10,5,100,0.0,0.4,1.0,1.0,1.0,0.0,1.0,0.0
PhISCS,5,100,0.125,0.0,0.0,0.29411764705882354,1.0,1.0,0.0,0.0
PhISCS-given-kmax,5,100,0.125,0.0,0.3333333333333333,0.3333333333333333,1.0,1.0,1.0,0.0
modified_PhISCS,5,100,0.125,0.0,0.0,0.29411764705882354,1.0,1.0,0.0,0.0
modified_PhISCS-p=10,5,100,0.125,0.0,0.0,0.29411764705882354,1.0,1.0,0.0,0.0
PhISCS,5,100,0.125,0.2,0.0,0.3333333333333333,1.0,1.0,1.0,0.0
PhISCS-given-kmax,5,100,0.125,0.2,0.4166666666666667,0.4166666666666667,1.0,1.0,1.0,0.0
modified_PhISCS,5,100,0.125,0.2,1.0,0.0,1.0,0.0,1.0,0.0
modified_PhISCS-p=10,5,100,0.125,0.2,0.9166666666666666,0.5,1.0,1.0,1.0,0.0
PhISCS,5,100,0.125,0.4,0.0,0.3333333333333333,1.0,1.0,1.0,0.0
PhISCS-given-kmax,5,100,0.125,0.4,0.4166666666666667,0.4166666666666667,1.0,1.0,1.0,0.0
modified_PhISCS,5,100,0.125,0.4,1.0,0.0,1.0,0.0,1.0,0.0
modified_PhISCS-p=10,5,100,0.125,0.4,1.0,1.0,1.0,0.0,1.0,0.0
PhISCS,5,100,0.25,0.0,0.0,0.29411764705882354,1.0,1.0,0.0,0.0
PhISCS-given-kmax,5,100,0.25,0.0,0.25,0.35714285714285715,1.0,0.0,0.0,0.0
modified_PhISCS,5,100,0.25,0.0,0.0,0.29411764705882354,1.0,1.0,0.0,0.0
modified_PhISCS-p=10,5,100,0.25,0.0,0.0,0.29411764705882354,1.0,1.0,0.0,0.0
PhISCS,5,100,0.25,0.2,0.0,0.3333333333333333,1.0,1.0,1.0,0.0
PhISCS-given-kmax,5,100,0.25,0.2,0.4166666666666667,0.4166666666666667,1.0,1.0,1.0,0.0
modified_PhISCS,5,100,0.25,0.2,1.0,0.0,1.0,0.0,1.0,0.0
modified_PhISCS-p=10,5,100,0.25,0.2,0.9166666666666666,0.5,1.0,1.0,1.0,0.0
PhISCS,5,100,0.25,0.4,0.0,0.3333333333333333,1.0,1.0,1.0,0.0
PhISCS-given-kmax,5,100,0.25,0.4,0.4166666666666667,0.4166666666666667,1.0,1.0,1.0,0.0
modified_PhISCS,5,100,0.25,0.4,1.0,0.0,1.0,0.0,1.0,0.0
modified_PhISCS-p=10,5,100,0.25,0.4,1.0,1.0,1.0,0.0,1.0,0.0
PhISCS,5,100,0.5,0.0,0.0,0.29411764705882354,1.0,1.0,0.0,0.0
PhISCS-given-kmax,5,100,0.5,0.0,0.0,0.0,1.0,1.0,0.0,0.0
modified_PhISCS,5,100,0.5,0.0,0.0,0.29411764705882354,1.0,1.0,0.0,0.0
modified_PhISCS-p=10,5,100,0.5,0.0,0.0,0.29411764705882354,1.0,1.0,0.0,0.0
PhISCS,5,100,0.5,0.2,0.0,0.3333333333333333,1.0,1.0,1.0,0.0
PhISCS-given-kmax,5,100,0.5,0.2,0.3333333333333333,0.3333333333333333,1.0,1.0,1.0,0.0
modified_PhISCS,5,100,0.5,0.2,1.0,0.0,1.0,0.0,1.0,0.0
modified_PhISCS-p=10,5,100,0.5,0.2,0.6666666666666666,0.42857142857142855,1.0,1.0,1.0,0.0
PhISCS,5,100,0.5,0.4,0.08333333333333333,0.35294117647058826,1.0,1.0,1.0,0.0
PhISCS-given-kmax,5,100,0.5,0.4,0.5,0.45454545454545453,1.0,1.0,1.0,0.0
modified_PhISCS,5,100,0.5,0.4,1.0,0.0,1.0,0.0,1.0,0.0
modified_PhISCS-p=10,5,100,0.5,0.4,0.9166666666666666,0.75,1.0,1.0,1.0,0.0
PhISCS,6,10,0.0,0.0,0.42857142857142855,0.42857142857142855,1.0,1.0,0.0,0.0
PhISCS-given-kmax,6,10,0.0,0.0,0.7142857142857143,0.5,1.0,1.0,0.0,0.0
modified_PhISCS,6,10,0.0,0.0,0.7142857142857143,0.5,1.0,1.0,0.0,0.0
modified_PhISCS-p=10,6,10,0.0,0.0,0.7142857142857143,0.5,1.0,1.0,0.0,0.0
PhISCS,6,10,0.0,0.2,0.42857142857142855,0.42857142857142855,1.0,1.0,0.0,0.0
PhISCS-given-kmax,6,10,0.0,0.2,0.7142857142857143,0.5,1.0,1.0,0.0,0.0
modified_PhISCS,6,10,0.0,0.2,1.0,1.0,1.0,0.0,0.0,0.0
modified_PhISCS-p=10,6,10,0.0,0.2,0.42857142857142855,0.42857142857142855,1.0,1.0,0.0,0.0
PhISCS,6,10,0.0,0.4,0.5714285714285714,0.4,0.875,0.8,0.0,0.0
PhISCS-given-kmax,6,10,0.0,0.4,0.8571428571428571,0.75,0.875,0.5,0.0,0.0
modified_PhISCS,6,10,0.0,0.4,1.0,0.0,1.0,0.0,0.0,0.0
modified_PhISCS-p=10,6,10,0.0,0.4,0.5714285714285714,0.4,0.875,0.8,0.0,0.0
PhISCS,6,10,0.125,0.0,0.42857142857142855,0.42857142857142855,1.0,1.0,0.0,0.0
PhISCS-given-kmax,6,10,0.125,0.0,0.7142857142857143,0.5,1.0,1.0,0.0,0.0
modified_PhISCS,6,10,0.125,0.0,0.42857142857142855,0.42857142857142855,1.0,1.0,0.0,0.0
modified_PhISCS-p=10,6,10,0.125,0.0,0.42857142857142855,0.42857142857142855,1.0,1.0,0.0,0.0
PhISCS,6,10,0.125,0.2,0.42857142857142855,0.42857142857142855,1.0,1.0,0.0,0.0
PhISCS-given-kmax,6,10,0.125,0.2,0.7142857142857143,0.5,1.0,1.0,0.0,0.0
modified_PhISCS,6,10,0.125,0.2,0.8571428571428571,0.5,1.0,1.0,0.0,0.0
modified_PhISCS-p=10,6,10,0.125,0.2,0.42857142857142855,0.42857142857142855,1.0,1.0,0.0,0.0
PhISCS,6,10,0.125,0.4,0.7142857142857143,0.5,1.0,1.0,0.0,0.0
PhISCS-given-kmax,6,10,0.125,0.4,0.8571428571428571,0.6666666666666666,1.0,0.0,0.0,0.0
modified_PhISCS,6,10,0.125,0.4,1.0,0.0,1.0,0.0,0.0,0.0
modified_PhISCS-p=10,6,10,0.125,0.4,0.7142857142857143,0.5,1.0,1.0,0.0,0.0
PhISCS,6,10,0.25,0.0,0.7142857142857143,0.7142857142857143,1.0,1.0,0.0,0.0
PhISCS-given-kmax,6,10,0.25,0.0,0.5714285714285714,0.0,1.0,1.0,0.0,0.0
modified_PhISCS,6,10,0.25,0.0,0.5714285714285714,0.0,1.0,1.0,0.0,0.0
modified_PhISCS-p=10,6,10,0.25,0.0,0.5714285714285714,0.0,1.0,1.0,0.0,0.0
PhISCS,6,10,0.25,0.2,0.5714285714285714,0.25,1.0,1.0,0.0,0.0
PhISCS-given-kmax,6,10,0.25,0.2,0.8571428571428571,0.6666666666666666,1.0,1.0,0.0,0.0
modified_PhISCS,6,10,0.25,0.2,0.8571428571428571,0.6666666666666666,1.0,1.0,0.0,0.0
modified_PhISCS-p=10,6,10,0.25,0.2,0.5714285714285714,0.25,1.0,1.0,0.0,0.0
PhISCS,6,10,0.25,0.4,0.7142857142857143,0.5,1.0,1.0,0.0,0.0
PhISCS-given-kmax,6,10,0.25,0.4,0.8571428571428571,0.5,1.0,1.0,0.0,0.0
modified_PhISCS,6,10,0.25,0.4,1.0,0.0,1.0,0.0,0.0,0.0
modified_PhISCS-p=10,6,10,0.25,0.4,0.7142857142857143,0.5,1.0,1.0,0.0,0.0
PhISCS,6,10,0.5,0.0,0.5714285714285714,0.25,1.0,1.0,0.0,0.0
PhISCS-given-kmax,6,10,0.5,0.0,0.8571428571428571,0.6666666666666666,1.0,1.0,0.0,0.0
modified_PhISCS,6,10,0.5,0.0,0.5714285714285714,0.25,1.0,1.0,0.0,0.0
modified_PhISCS-p=10,6,10,0.5,0.0,0.5714285714285714,0.25,1.0,1.0,0.0,0.0
PhISCS,6,10,0.5,0.2,0.8571428571428571,0.75,1.0,1.0,0.0,0.0
PhISCS-given-kmax,6,10,0.5,0.2,0.8571428571428571,0.5,1.0,1.0,0.0,0.0
modified_PhISCS,6,10,0.5,0.2,0.8571428571428571,0.75,1.0,1.0,0.0,0.0
modified_PhISCS-p=10,6,10,0.5,0.2,0.8571428571428571,0.75,1.0,1.0,0.0,0.0
PhISCS,6,10,0.5,0.4,0.7142857142857143,0.5,1.0,1.0,0.0,0.0
PhISCS-given-kmax,6,10,0.5,0.4,0.7142857142857143,0.0,0.875,0.0,0.0,0.0
modified_PhISCS,6,10,0.5,0.4,1.0,1.0,1.0,0.0,0.0,0.0
modified_PhISCS-p=10,6,10,0.5,0.4,0.7142857142857143,0.5,1.0,1.0,0.0,0.0
PhISCS,6,20,0.0,0.0,0.14285714285714285,0.25,0.5,0.6923076923076923,0.0,0.0
PhISCS-given-kmax,6,20,0.0,0.0,0.14285714285714285,0.0,0.5,0.5555555555555556,0.0,0.0
modified_PhISCS,6,20,0.0,0.0,0.2857142857142857,0.2857142857142857,0.75,0.75,0.0,0.0
modified_PhISCS-p=10,6,20,0.0,0.0,0.2857142857142857,0.2857142857142857,0.75,0.75,0.0,0.0
PhISCS,6,20,0.0,0.2,0.14285714285714285,0.3333333333333333,0.75,0.8333333333333334,0.0,0.0
PhISCS-given-kmax,6,20,0.0,0.2,0.14285714285714285,0.0,0.5,0.5555555555555556,0.0,0.0
modified_PhISCS,6,20,0.0,0.2,0.8571428571428571,0.6666666666666666,1.0,1.0,0.0,0.0
modified_PhISCS-p=10,6,20,0.0,0.2,0.14285714285714285,0.3333333333333333,0.75,0.8333333333333334,0.0,0.0
PhISCS,6,20,0.0,0.4,0.42857142857142855,0.3333333333333333,1.0,1.0,0.0,0.0
PhISCS-given-kmax,6,20,0.0,0.4,1.0,1.0,1.0,1.0,0.0,0.0
modified_PhISCS,6,20,0.0,0.4,1.0,0.0,1.0,0.0,0.0,0.0
modified_PhISCS-p=10,6,20,0.0,0.4,1.0,1.0,1.0,1.0,0.0,0.0
PhISCS,6,20,0.125,0.0,0.42857142857142855,0.3333333333333333,0.875,0.8888888888888888,0.0,0.0
PhISCS-given-kmax,6,20,0.125,0.0,0.5714285714285714,0.4,0.875,0.8,0.0,0.0
modified_PhISCS,6,20,0.125,0.0,0.5714285714285714,0.4,0.875,0.8,0.0,0.0
modified_PhISCS-p=10,6,20,0.125,0.0,0.5714285714285714,0.4,0.875,0.8,0.0,0.0
PhISCS,6,20,0.125,0.2,0.14285714285714285,0.3333333333333333,0.75,0.8333333333333334,0.0,0.0
PhISCS-given-kmax,6,20,0.125,0.2,0.8571428571428571,0.8333333333333334,0.5,0.5555555555555556,0.0,0.0
modified_PhISCS,6,20,0.125,0.2,0.8571428571428571,0.6666666666666666,1.0,1.0,0.0,0.0
modified_PhISCS-p=10,6,20,0.125,0.2,0.14285714285714285,0.3333333333333333,0.75,0.8333333333333334,0.0,0.0
PhISCS,6,20,0.125,0.4,0.14285714285714285,0.25,1.0,1.0,0.0,0.0
PhISCS-given-kmax,6,20,0.125,0.4,0.8571428571428571,0.8333333333333334,0.625,0.6666666666666666,0.0,0.0
modified_PhISCS,6,20,0.125,0.4,1.0,0.0,1.0,0.0,0.0,0.0
modified_PhISCS-p=10,6,20,0.125,0.4,0.14285714285714285,0.25,1.0,1.0,0.0,0.0
PhISCS,6,20,0.25,0.0,0.14285714285714285,0.3333333333333333,0.75,0.8333333333333334,0.0,0.0
PhISCS-given-kmax,6,20,0.25,0.0,0.2857142857142857,0.2857142857142857,0.75,0.75,0.0,0.0
modified_PhISCS,6,20,0.25,0.0,0.2857142857142857,0.2857142857142857,0.75,0.75,0.0,0.0
modified_PhISCS-p=10,6,20,0.25,0.0,0.2857142857142857,0.2857142857142857,0.75,0.75,0.0,0.0
PhISCS,6,20,0.25,0.2,0.42857142857142855,0.3333333333333333,0.75,0.7777777777777778,0.0,0.0
PhISCS-given-kmax,6,20,0.25,0.2,1.0,1.0,0.625,0.5,0.0,0.0
modified_PhISCS,6,20,0.25,0.2,1.0,1.0,1.0,1.0,0.0,0.0
modified_PhISCS-p=10,6,20,0.25,0.2,1.0,1.0,0.625,0.5,0.0,0.0
PhISCS,6,20,0.25,0.4,0.5714285714285714,0.4,0.875,0.8,0.0,0.0
PhISCS-given-kmax,6,20,0.25,0.4,1.0,1.0,0.875,0.6666666666666666,0.0,0.0
modified_PhISCS,6,20,0.25,0.4,1.0,0.0,1.0,0.0,0.0,0.0
modified_PhISCS-p=10,6,20,0.25,0.4,0.5714285714285714,0.4,0.875,0.8,0.0,0.0
PhISCS,6,20,0.5,0.0,0.42857142857142855,0.3333333333333333,0.75,0.7777777777777778,0.0,0.0
PhISCS-given-kmax,6,20,0.5,0.0,0.42857142857142855,0.0,0.75,0.6666666666666666,0.0,0.0
modified_PhISCS,6,20,0.5,0.0,0.42857142857142855,0.0,0.75,0.6666666666666666,0.0,0.0
modified_PhISCS-p=10,6,20,0.5,0.0,0.42857142857142855,0.0,0.75,0.6666666666666666,0.0,0.0
PhISCS,6,20,0.5,0.2,0.42857142857142855,0.3333333333333333,1.0,1.0,0.0,0.0
PhISCS-given-kmax,6,20,0.5,0.2,1.0,1.0,1.0,1.0,0.0,0.0
modified_PhISCS,6,20,0.5,0.2,1.0,1.0,1.0,1.0,0.0,0.0
modified_PhISCS-p=10,6,20,0.5,0.2,0.42857142857142855,0.3333333333333333,1.0,1.0,0.0,0.0
PhISCS,6,20,0.5,0.4,0.14285714285714285,0.25,0.375,0.6153846153846154,0.0,0.0
PhISCS-given-kmax,6,20,0.5,0.4,0.8571428571428571,0.8333333333333334,0.375,0.4444444444444444,0.0,0.0
modified_PhISCS,6,20,0.5,0.4,1.0,1.0,0.875,0.6666666666666666,0.0,0.0
modified_PhISCS-p=10,6,20,0.5,0.4,0.14285714285714285,0.25,0.375,0.6153846153846154,0.0,0.0
PhISCS,6,40,0.0,0.0,0.14285714285714285,0.25,0.5,0.6923076923076923,0.0,0.0
PhISCS-given-kmax,6,40,0.0,0.0,0.14285714285714285,0.0,0.25,0.3333333333333333,0.0,0.0
modified_PhISCS,6,40,0.0,0.0,0.14285714285714285,0.0,0.25,0.3333333333333333,0.0,0.0
modified_PhISCS-p=10,6,40,0.0,0.0,0.2857142857142857,0.2857142857142857,0.75,0.75,0.0,0.0
PhISCS,6,40,0.0,0.2,0.14285714285714285,0.3333333333333333,0.75,0.8333333333333334,0.0,0.0
PhISCS-given-kmax,6,40,0.0,0.2,0.8571428571428571,0.8333333333333334,0.5,0.5555555555555556,0.0,0.0
modified_PhISCS,6,40,0.0,0.2,1.0,0.0,1.0,0.0,0.0,0.0
modified_PhISCS-p=10,6,40,0.0,0.2,0.7142857142857143,0.6,0.5,0.2,0.0,0.0
PhISCS,6,40,0.0,0.4,0.0,0.3,0.75,0.8181818181818182,0.0,0.0
PhISCS-given-kmax,6,40,0.0,0.4,0.7142857142857143,0.7142857142857143,0.5,0.5,0.0,0.0
modified_PhISCS,6,40,0.0,0.4,1.0,0.0,1.0,0.0,0.0,0.0
modified_PhISCS-p=10,6,40,0.0,0.4,0.7142857142857143,0.7142857142857143,0.5,0.5,0.0,0.0
PhISCS,6,40,0.125,0.0,0.14285714285714285,0.3333333333333333,0.75,0.8333333333333334,0.0,0.0
PhISCS-given-kmax,6,40,0.125,0.0,0.14285714285714285,0.0,0.25,0.3333333333333333,0.0,0.0
modified_PhISCS,6,40,0.125,0.0,0.14285714285714285,0.0,0.25,0.3333333333333333,0.0,0.0
modified_PhISCS-p=10,6,40,0.125,0.0,0.14285714285714285,0.0,0.25,0.3333333333333333,0.0,0.0
PhISCS,6,40,0.125,0.2,0.14285714285714285,0.3333333333333333,0.75,0.8333333333333334,0.0,0.0
PhISCS-given-kmax,6,40,0.125,0.2,0.8571428571428571,0.8333333333333334,0.25,0.3333333333333333,0.0,0.0
modified_PhISCS,6,40,0.125,0.2,1.0,1.0,1.0,0.0,0.0,0.0
modified_PhISCS-p=10,6,40,0.125,0.2,0.14285714285714285,0.3333333333333333,0.75,0.8333333333333334,0.0,0.0
PhISCS,6,40,0.125,0.4,0.14285714285714285,0.3333333333333333,0.75,0.8333333333333334,0.0,0.0
PhISCS-given-kmax,6,40,0.125,0.4,0.8571428571428571,0.8333333333333334,0.5,0.5555555555555556,0.0,0.0
modified_PhISCS,6,40,0.125,0.4,1.0,0.0,1.0,0.0,0.0,0.0
modified_PhISCS-p=10,6,40,0.125,0.4,0.8571428571428571,0.8333333333333334,0.5,0.5555555555555556,0.0,0.0
PhISCS,6,40,0.25,0.0,0.14285714285714285,0.25,0.25,0.5384615384615384,0.0,0.0
PhISCS-given-kmax,6,40,0.25,0.0,0.2857142857142857,0.2857142857142857,0.75,0.75,0.0,0.0
modified_PhISCS,6,40,0.25,0.0,0.2857142857142857,0.2857142857142857,0.75,0.75,0.0,0.0
modified_PhISCS-p=10,6,40,0.25,0.0,0.2857142857142857,0.2857142857142857,0.75,0.75,0.0,0.0
PhISCS,6,40,0.25,0.2,0.14285714285714285,0.3333333333333333,0.75,0.8333333333333334,0.0,0.0
PhISCS-given-kmax,6,40,0.25,0.2,0.14285714285714285,0.0,0.25,0.3333333333333333,0.0,0.0
modified_PhISCS,6,40,0.25,0.2,1.0,1.0,1.0,0.0,0.0,0.0
modified_PhISCS-p=10,6,40,0.25,0.2,0.14285714285714285,0.0,0.25,0.3333333333333333,0.0,0.0
PhISCS,6,40,0.25,0.4,0.14285714285714285,0.3333333333333333,0.75,0.8333333333333334,0.0,0.0
PhISCS-given-kmax,6,40,0.25,0.4,0.8571428571428571,0.8333333333333334,0.25,0.3333333333333333,0.0,0.0
modified_PhISCS,6,40,0.25,0.4,1.0,0.0,1.0,0.0,0.0,0.0
modified_PhISCS-p=10,6,40,0.25,0.4,0.8571428571428571,0.8333333333333334,0.25,0.3333333333333333,0.0,0.0
PhISCS,6,40,0.5,0.0,0.14285714285714285,0.25,0.25,0.5384615384615384,0.0,0.0
PhISCS-given-kmax,6,40,0.5,0.0,0.14285714285714285,0.0,0.25,0.3333333333333333,0.0,0.0
modified_PhISCS,6,40,0.5,0.0,0.14285714285714285,0.14285714285714285,0.25,0.25,0.0,0.0
modified_PhISCS-p=10,6,40,0.5,0.0,0.14285714285714285,0.14285714285714285,0.25,0.25,0.0,0.0
PhISCS,6,40,0.5,0.2,0.2857142857142857,0.2857142857142857,0.75,0.75,0.0,0.0
PhISCS-given-kmax,6,40,0.5,0.2,0.8571428571428571,0.8,0.5,0.2,0.0,0.0
modified_PhISCS,6,40,0.5,0.2,0.8571428571428571,0.5,1.0,1.0,0.0,0.0
modified_PhISCS-p=10,6,40,0.5,0.2,0.2857142857142857,0.2857142857142857,0.75,0.75,0.0,0.0
PhISCS,6,40,0.5,0.4,0.14285714285714285,0.14285714285714285,0.375,0.6153846153846154,0.0,1.0
PhISCS-given-kmax,6,40,0.5,0.4,0.8571428571428571,0.8333333333333334,0.375,0.4444444444444444,0.0,0.0
modified_PhISCS,6,40,0.5,0.4,1.0,1.0,0.875,0.0,0.0,0.0
modified_PhISCS-p=10,6,40,0.5,0.4,0.14285714285714285,0.14285714285714285,0.375,0.6153846153846154,0.0,1.0
PhISCS,6,100,0.0,0.0,0.14285714285714285,0.3333333333333333,0.25,0.5,0.0,0.0
PhISCS-given-kmax,6,100,0.0,0.0,0.2857142857142857,0.2857142857142857,0.5,0.5,0.0,0.0
modified_PhISCS,6,100,0.0,0.0,0.14285714285714285,0.0,0.25,0.3333333333333333,0.0,0.0
modified_PhISCS-p=10,6,100,0.0,0.0,0.14285714285714285,0.0,0.25,0.3333333333333333,0.0,0.0
PhISCS,6,100,0.0,0.2,0.14285714285714285,0.3333333333333333,0.75,0.8333333333333334,0.0,0.0
PhISCS-given-kmax,6,100,0.0,0.2,0.8571428571428571,0.8333333333333334,0.125,0.2222222222222222,0.0,0.0
modified_PhISCS,6,100,0.0,0.2,1.0,0.0,1.0,0.0,0.0,0.0
modified_PhISCS-p=10,6,100,0.0,0.2,0.8571428571428571,0.75,0.875,0.8333333333333334,0.0,0.0
PhISCS,6,100,0.0,0.4,0.14285714285714285,0.3333333333333333,0.75,0.8333333333333334,0.0,0.0
PhISCS-given-kmax,6,100,0.0,0.4,0.8571428571428571,0.8333333333333334,0.125,0.2222222222222222,0.0,0.0
modified_PhISCS,6,100,0.0,0.4,1.0,0.0,1.0,0.0,0.0,0.0
modified_PhISCS-p=10,6,100,0.0,0.4,0.8571428571428571,0.6666666666666666,0.75,0.3333333333333333,0.0,0.0
PhISCS,6,100,0.125,0.0,0.14285714285714285,0.3333333333333333,0.25,0.5,0.0,0.0
PhISCS-given-kmax,6,100,0.125,0.0,0.14285714285714285,0.0,0.25,0.3333333333333333,0.0,0.0
modified_PhISCS,6,100,0.125,0.0,0.14285714285714285,0.0,0.25,0.3333333333333333,0.0,0.0
modified_PhISCS-p=10,6,100,0.125,0.0,0.14285714285714285,0.0,0.25,0.3333333333333333,0.0,0.0
PhISCS,6,100,0.125,0.2,0.14285714285714285,0.3333333333333333,0.75,0.8333333333333334,0.0,0.0
PhISCS-given-kmax,6,100,0.125,0.2,0.8571428571428571,0.8333333333333334,0.25,0.3333333333333333,0.0,0.0
modified_PhISCS,6,100,0.125,0.2,1.0,0.0,1.0,0.0,0.0,0.0
modified_PhISCS-p=10,6,100,0.125,0.2,0.8571428571428571,0.75,1.0,1.0,0.0,0.0
PhISCS,6,100,0.125,0.4,0.14285714285714285,0.3333333333333333,0.75,0.8333333333333334,0.0,0.0
PhISCS-given-kmax,6,100,0.125,0.4,0.8571428571428571,0.8333333333333334,0.25,0.3333333333333333,0.0,0.0
modified_PhISCS,6,100,0.125,0.4,1.0,0.0,1.0,0.0,0.0,0.0
modified_PhISCS-p=10,6,100,0.125,0.4,0.8571428571428571,0.6666666666666666,0.875,0.6666666666666666,0.0,0.0
PhISCS,6,100,0.25,0.0,0.14285714285714285,0.3333333333333333,0.75,0.8333333333333334,0.0,0.0
PhISCS-given-kmax,6,100,0.25,0.0,0.14285714285714285,0.0,0.25,0.3333333333333333,0.0,0.0
modified_PhISCS,6,100,0.25,0.0,0.14285714285714285,0.0,0.25,0.3333333333333333,0.0,0.0
modified_PhISCS-p=10,6,100,0.25,0.0,0.14285714285714285,0.0,0.25,0.3333333333333333,0.0,0.0
PhISCS,6,100,0.25,0.2,0.14285714285714285,0.3333333333333333,0.75,0.8333333333333334,0.0,0.0
PhISCS-given-kmax,6,100,0.25,0.2,0.8571428571428571,0.8333333333333334,0.125,0.2222222222222222,0.0,0.0
modified_PhISCS,6,100,0.25,0.2,1.0,0.0,1.0,0.0,0.0,0.0
modified_PhISCS-p=10,6,100,0.25,0.2,0.8571428571428571,0.75,0.875,0.8333333333333334,0.0,0.0
PhISCS,6,100,0.25,0.4,0.14285714285714285,0.3333333333333333,0.75,0.8333333333333334,0.0,0.0
PhISCS-given-kmax,6,100,0.25,0.4,0.8571428571428571,0.8333333333333334,0.25,0.3333333333333333,0.0,0.0
modified_PhISCS,6,100,0.25,0.4,1.0,0.0,1.0,0.0,0.0,0.0
modified_PhISCS-p=10,6,100,0.25,0.4,0.8571428571428571,0.75,0.875,0.8333333333333334,0.0,0.0
PhISCS,6,100,0.5,0.0,0.14285714285714285,0.25,0.125,0.46153846153846156,0.0,0.0
PhISCS-given-kmax,6,100,0.5,0.0,0.14285714285714285,0.0,0.0,0.1111111111111111,0.0,0.0
modified_PhISCS,6,100,0.5,0.0,0.14285714285714285,0.0,0.0,0.1111111111111111,0.0,0.0
modified_PhISCS-p=10,6,100,0.5,0.0,0.14285714285714285,0.0,0.0,0.1111111111111111,0.0,0.0
PhISCS,6,100,0.5,0.2,0.0,0.3,0.75,0.8181818181818182,0.0,0.0
PhISCS-given-kmax,6,100,0.5,0.2,0.7142857142857143,0.7142857142857143,0.5,0.5,0.0,0.0
modified_PhISCS,6,100,0.5,0.2,1.0,0.0,1.0,0.0,0.0,0.0
modified_PhISCS-p=10,6,100,0.5,0.2,0.7142857142857143,0.7142857142857143,0.5,0.5,0.0,0.0
PhISCS,6,100,0.5,0.4,0.0,0.3,0.75,0.8181818181818182,0.0,0.0
PhISCS-given-kmax,6,100,0.5,0.4,0.7142857142857143,0.7142857142857143,0.5,0.5,0.0,0.0
modified_PhISCS,6,100,0.5,0.4,1.0,0.0,1.0,0.0,0.0,0.0
modified_PhISCS-p=10,6,100,0.5,0.4,0.7142857142857143,0.7142857142857143,0.5,0.5,0.0,0.0
